Date;TimeClose;TimeHigh;TimeLow;name;Open;High;Low;Close;Volume;MarketCap;Timestamp
"2025-09-05T00:00:00.000Z";"2025-09-05T23:59:59.999Z";"2025-09-05T13:08:00.000Z";"2025-09-05T00:01:00.000Z";"2781";0.4826721937;0.5106265296;0.4825219817;0.4946012561;420840284.25;2619299467.98;"2025-09-05T23:59:59.999Z"
"2025-09-04T00:00:00.000Z";"2025-09-04T23:59:59.999Z";"2025-09-04T00:37:00.000Z";"2025-09-04T19:50:00.000Z";"2781";0.5102366176;0.5128337945;0.4791780407;0.4826749334;297530313.1;2556125776.97;"2025-09-04T23:59:59.999Z"
"2025-09-03T00:00:00.000Z";"2025-09-03T23:59:59.999Z";"2025-09-03T15:11:00.000Z";"2025-09-03T09:16:00.000Z";"2781";0.5021913343;0.5188884308;0.4933071117;0.5102366176;321630889.44;2702100903.27;"2025-09-03T23:59:59.999Z"
"2025-09-02T00:00:00.000Z";"2025-09-02T23:59:59.999Z";"2025-09-02T23:17:00.000Z";"2025-09-02T00:58:00.000Z";"2781";0.4762993033;0.5046730221;0.4755825488;0.5021913343;390401042.15;2659494852.65;"2025-09-02T23:59:59.999Z"
"2025-09-01T00:00:00.000Z";"2025-09-01T23:59:59.999Z";"2025-09-01T09:15:00.000Z";"2025-09-01T22:46:00.000Z";"2781";0.496626917;0.513153317;0.4686734995;0.4762726554;460007622.82;2522376350.99;"2025-09-01T23:59:59.999Z"
"2025-08-31T00:00:00.000Z";"2025-08-31T23:59:59.999Z";"2025-08-31T04:44:00.000Z";"2025-08-31T23:44:00.000Z";"2781";0.499326602;0.5176969217;0.4963160378;0.4966269853;300491075.55;2630026922.24;"2025-08-31T23:59:59.999Z"
"2025-08-30T00:00:00.000Z";"2025-08-30T23:59:59.999Z";"2025-08-30T11:13:00.000Z";"2025-08-30T02:02:00.000Z";"2781";0.4909486882;0.5033447659;0.4809360454;0.499326602;269445648.57;2644323860.14;"2025-08-30T23:59:59.999Z"
"2025-08-29T00:00:00.000Z";"2025-08-29T23:59:59.999Z";"2025-08-29T00:03:00.000Z";"2025-08-29T21:04:00.000Z";"2781";0.5229207601;0.5232512979;0.48499453;0.4909523919;576321016.87;2599956271.6;"2025-08-29T23:59:59.999Z"
"2025-08-28T00:00:00.000Z";"2025-08-28T23:59:59.999Z";"2025-08-28T14:19:00.000Z";"2025-08-28T00:37:00.000Z";"2781";0.5053394995;0.5325236551;0.501919387;0.5229176534;528706939.1;2769273332.19;"2025-08-28T23:59:59.999Z"
"2025-08-27T00:00:00.000Z";"2025-08-27T23:59:59.999Z";"2025-08-27T04:19:00.000Z";"2025-08-27T22:09:00.000Z";"2781";0.5301652056;0.5311193211;0.4987400321;0.5053318713;543511612.07;2676166842.88;"2025-08-27T23:59:59.999Z"
"2025-08-26T00:00:00.000Z";"2025-08-26T23:59:59.999Z";"2025-08-26T02:16:00.000Z";"2025-08-26T00:14:00.000Z";"2781";0.5181463983;0.5415407943;0.514686726;0.530162483;612153830.32;2807638322.09;"2025-08-26T23:59:59.999Z"
"2025-08-25T00:00:00.000Z";"2025-08-25T23:59:59.999Z";"2025-08-25T02:25:00.000Z";"2025-08-25T21:33:00.000Z";"2781";0.5789587277;0.5882924883;0.512108951;0.5181520321;767095864.46;2743989362.23;"2025-08-25T23:59:59.999Z"
"2025-08-24T00:00:00.000Z";"2025-08-24T23:59:59.999Z";"2025-08-24T00:07:00.000Z";"2025-08-24T10:41:00.000Z";"2781";0.6107676861;0.6216357609;0.5668511598;0.5789537594;972419750.31;3066038083.64;"2025-08-24T23:59:59.999Z"
"2025-08-23T00:00:00.000Z";"2025-08-23T23:59:59.999Z";"2025-08-23T23:52:00.000Z";"2025-08-23T02:40:00.000Z";"2781";0.5862940024;0.6129988539;0.568545981;0.6107668514;753805379.84;3234491330.71;"2025-08-23T23:59:59.999Z"
"2025-08-22T00:00:00.000Z";"2025-08-22T23:59:59.999Z";"2025-08-22T20:19:00.000Z";"2025-08-22T12:34:00.000Z";"2781";0.4964669403;0.6044488091;0.47573956;0.5862990024;1310353511.27;3104884084.8;"2025-08-22T23:59:59.999Z"
"2025-08-21T00:00:00.000Z";"2025-08-21T23:59:59.999Z";"2025-08-21T01:59:00.000Z";"2025-08-21T17:11:00.000Z";"2781";0.5119213332;0.5194483939;0.485924191;0.4964797806;435080219.71;2629179721.12;"2025-08-21T23:59:59.999Z"
"2025-08-20T00:00:00.000Z";"2025-08-20T23:59:59.999Z";"2025-08-20T17:55:00.000Z";"2025-08-20T01:43:00.000Z";"2781";0.4725072333;0.5185388378;0.4724261338;0.5119213332;567624720.96;2711022786.65;"2025-08-20T23:59:59.999Z"
"2025-08-19T00:00:00.000Z";"2025-08-19T23:59:59.999Z";"2025-08-19T01:07:00.000Z";"2025-08-19T23:58:00.000Z";"2781";0.5114363214;0.5238996248;0.4724521962;0.4725056481;586390932.26;2502285987.42;"2025-08-19T23:59:59.999Z"
"2025-08-18T00:00:00.000Z";"2025-08-18T23:59:59.999Z";"2025-08-18T00:50:00.000Z";"2025-08-18T09:34:00.000Z";"2781";0.5367944466;0.5420672529;0.5087200634;0.5114430169;853603879.7;2708454270.6;"2025-08-18T23:59:59.999Z"
"2025-08-17T00:00:00.000Z";"2025-08-17T23:59:59.999Z";"2025-08-17T16:07:00.000Z";"2025-08-17T02:18:00.000Z";"2781";0.4928118871;0.5631933495;0.486559546;0.5368324896;852702086.4;2764620032.15;"2025-08-17T23:59:59.999Z"
"2025-08-16T00:00:00.000Z";"2025-08-16T23:59:59.999Z";"2025-08-16T20:28:00.000Z";"2025-08-16T12:28:00.000Z";"2781";0.4817612563;0.4976822539;0.4723948166;0.4928077775;333412915.2;2538099311.27;"2025-08-16T23:59:59.999Z"
"2025-08-15T00:00:00.000Z";"2025-08-15T23:59:59.999Z";"2025-08-15T06:35:00.000Z";"2025-08-15T16:14:00.000Z";"2781";0.5160385688;0.5355197021;0.4722147543;0.4817918389;757397761.96;2481185914.39;"2025-08-15T23:59:59.999Z"
"2025-08-14T00:00:00.000Z";"2025-08-14T23:59:59.999Z";"2025-08-14T00:31:00.000Z";"2025-08-14T21:38:00.000Z";"2781";0.5696566949;0.5738412668;0.5031914615;0.5160335688;1095329353.33;2657722287.9;"2025-08-14T23:59:59.999Z"
"2025-08-13T00:00:00.000Z";"2025-08-13T23:59:59.999Z";"2025-08-13T22:56:00.000Z";"2025-08-13T01:46:00.000Z";"2781";0.4768347234;0.5790431554;0.4709903976;0.5696523507;1332481178.96;2933868485.34;"2025-08-13T23:59:59.999Z"
"2025-08-12T00:00:00.000Z";"2025-08-12T23:59:59.999Z";"2025-08-12T21:28:00.000Z";"2025-08-12T11:16:00.000Z";"2781";0.436635535;0.4783962745;0.4344993578;0.4768347234;485201946.47;2455813089.66;"2025-08-12T23:59:59.999Z"
"2025-08-11T00:00:00.000Z";"2025-08-11T23:59:59.999Z";"2025-08-11T04:17:00.000Z";"2025-08-11T22:32:00.000Z";"2781";0.4671491141;0.4791982844;0.4354978202;0.4366499249;498543098.37;2248777636;"2025-08-11T23:59:59.999Z"
"2025-08-10T00:00:00.000Z";"2025-08-10T23:59:59.999Z";"2025-08-10T01:05:00.000Z";"2025-08-10T08:10:00.000Z";"2781";0.4739458698;0.4829712154;0.4506118844;0.4671491141;370025899.89;2405929880.73;"2025-08-10T23:59:59.999Z"
"2025-08-09T00:00:00.000Z";"2025-08-09T23:59:59.999Z";"2025-08-09T22:29:00.000Z";"2025-08-09T00:02:00.000Z";"2781";0.434054192;0.4790454238;0.4339903802;0.4739399862;393200299.85;2440904499.25;"2025-08-09T23:59:59.999Z"
"2025-08-08T00:00:00.000Z";"2025-08-08T23:59:59.999Z";"2025-08-08T21:07:00.000Z";"2025-08-08T00:24:00.000Z";"2781";0.4166973911;0.4361265187;0.4129258403;0.434058192;395751482.47;2235483101.13;"2025-08-08T23:59:59.999Z"
"2025-08-07T00:00:00.000Z";"2025-08-07T23:59:59.999Z";"2025-08-07T22:59:00.000Z";"2025-08-07T04:03:00.000Z";"2781";0.389143077;0.4181555903;0.3866515131;0.416697745;253127595.71;2146091417.2;"2025-08-07T23:59:59.999Z"
"2025-08-06T00:00:00.000Z";"2025-08-06T23:59:59.999Z";"2025-08-06T18:17:00.000Z";"2025-08-06T04:18:00.000Z";"2781";0.3835554294;0.3920406062;0.3740525515;0.389143077;209307777.69;2004180096.69;"2025-08-06T23:59:59.999Z"
"2025-08-05T00:00:00.000Z";"2025-08-05T23:59:59.999Z";"2025-08-05T00:02:00.000Z";"2025-08-05T22:08:00.000Z";"2781";0.4051832467;0.405353917;0.3760091884;0.3835488938;225851477.41;1975402372.83;"2025-08-05T23:59:59.999Z"
"2025-08-04T00:00:00.000Z";"2025-08-04T23:59:59.999Z";"2025-08-04T17:19:00.000Z";"2025-08-04T00:10:00.000Z";"2781";0.3831387487;0.4115170102;0.3824771049;0.4051834872;231272697.34;2086790814.63;"2025-08-04T23:59:59.999Z"
"2025-08-03T00:00:00.000Z";"2025-08-03T23:59:59.999Z";"2025-08-03T19:38:00.000Z";"2025-08-03T00:39:00.000Z";"2781";0.3690668133;0.3848767626;0.3655991781;0.3831387487;161365383.75;1973256367.33;"2025-08-03T23:59:59.999Z"
"2025-08-02T00:00:00.000Z";"2025-08-02T23:59:59.999Z";"2025-08-02T03:10:00.000Z";"2025-08-02T18:57:00.000Z";"2781";0.3782158221;0.3819451875;0.362132608;0.3690668133;247120975.48;1900782527.93;"2025-08-02T23:59:59.999Z"
"2025-08-01T00:00:00.000Z";"2025-08-01T23:59:59.999Z";"2025-08-01T03:30:00.000Z";"2025-08-01T22:44:00.000Z";"2781";0.398384863;0.398594397;0.3698458352;0.3782262744;434976380.16;1947902115.44;"2025-08-01T23:59:59.999Z"
"2025-07-31T00:00:00.000Z";"2025-07-31T23:59:59.999Z";"2025-07-31T08:50:00.000Z";"2025-07-31T23:44:00.000Z";"2781";0.4151420161;0.4308257308;0.3965770528;0.3983933996;286009000.78;2051777509.55;"2025-07-31T23:59:59.999Z"
"2025-07-30T00:00:00.000Z";"2025-07-30T23:59:59.999Z";"2025-07-30T03:55:00.000Z";"2025-07-30T19:13:00.000Z";"2781";0.4245442666;0.425822117;0.3961194602;0.4151293794;323677626.86;2138080863.2;"2025-07-30T23:59:59.999Z"
"2025-07-29T00:00:00.000Z";"2025-07-29T23:59:59.999Z";"2025-07-29T07:49:00.000Z";"2025-07-29T20:17:00.000Z";"2781";0.4321278398;0.4500527922;0.4157401977;0.4245442666;337192898.75;2186504706.7;"2025-07-29T23:59:59.999Z"
"2025-07-28T00:00:00.000Z";"2025-07-28T23:59:59.999Z";"2025-07-28T05:21:00.000Z";"2025-07-28T22:44:00.000Z";"2781";0.4607575322;0.4781774488;0.4302139606;0.4321069668;439737005.68;2225561925.69;"2025-07-28T23:59:59.999Z"
"2025-07-27T00:00:00.000Z";"2025-07-27T23:59:59.999Z";"2025-07-27T22:52:00.000Z";"2025-07-27T09:57:00.000Z";"2781";0.4486632281;0.4626149961;0.4468926401;0.4607574139;266460461.31;2373011702;"2025-07-27T23:59:59.999Z"
"2025-07-26T00:00:00.000Z";"2025-07-26T23:59:59.999Z";"2025-07-26T19:07:00.000Z";"2025-07-26T02:01:00.000Z";"2781";0.4432866168;0.4565590784;0.44017931;0.4486696797;232087539.38;2310723137.93;"2025-07-26T23:59:59.999Z"
"2025-07-25T00:00:00.000Z";"2025-07-25T23:59:59.999Z";"2025-07-25T22:44:00.000Z";"2025-07-25T03:38:00.000Z";"2781";0.4304162342;0.4434818744;0.4156963057;0.4432937489;401165657.57;2283032301.36;"2025-07-25T23:59:59.999Z"
"2025-07-24T00:00:00.000Z";"2025-07-24T23:59:59.999Z";"2025-07-24T15:17:00.000Z";"2025-07-24T06:55:00.000Z";"2781";0.4336987604;0.448464602;0.4097826327;0.4304162342;389573414.44;2216746746.96;"2025-07-24T23:59:59.999Z"
"2025-07-23T00:00:00.000Z";"2025-07-23T23:59:59.999Z";"2025-07-23T00:01:00.000Z";"2025-07-23T21:28:00.000Z";"2781";0.4819406981;0.482145089;0.4183204739;0.4337061018;542427855.91;2233652543.53;"2025-07-23T23:59:59.999Z"
"2025-07-22T00:00:00.000Z";"2025-07-22T23:59:59.999Z";"2025-07-22T01:56:00.000Z";"2025-07-22T08:29:00.000Z";"2781";0.4861987806;0.4888101469;0.4545736763;0.4819392275;621166091.27;2482110082.74;"2025-07-22T23:59:59.999Z"
"2025-07-21T00:00:00.000Z";"2025-07-21T23:59:59.999Z";"2025-07-21T15:25:00.000Z";"2025-07-21T00:25:00.000Z";"2781";0.4844064392;0.5094353009;0.4754962336;0.4862001695;573211218.51;2504040228.07;"2025-07-21T23:59:59.999Z"
"2025-07-20T00:00:00.000Z";"2025-07-20T23:59:59.999Z";"2025-07-20T16:52:00.000Z";"2025-07-20T02:29:00.000Z";"2781";0.4647345928;0.5086181556;0.4586694752;0.4844064392;534096668.8;2494809240.3;"2025-07-20T23:59:59.999Z"
"2025-07-19T00:00:00.000Z";"2025-07-19T23:59:59.999Z";"2025-07-19T04:08:00.000Z";"2025-07-19T01:09:00.000Z";"2781";0.4520690486;0.475347897;0.4392693855;0.4647345928;333183624.89;2393494517.46;"2025-07-19T23:59:59.999Z"
"2025-07-18T00:00:00.000Z";"2025-07-18T23:59:59.999Z";"2025-07-18T14:16:00.000Z";"2025-07-18T20:41:00.000Z";"2781";0.4510735477;0.4944288536;0.4416199513;0.4520603679;861457928.82;2328263929.36;"2025-07-18T23:59:59.999Z"
"2025-07-17T00:00:00.000Z";"2025-07-17T23:59:59.999Z";"2025-07-17T09:53:00.000Z";"2025-07-17T03:34:00.000Z";"2781";0.4406806896;0.4561975295;0.4288974827;0.4510839373;539829040.69;2323136861.16;"2025-07-17T23:59:59.999Z"
"2025-07-16T00:00:00.000Z";"2025-07-16T23:59:59.999Z";"2025-07-16T20:37:00.000Z";"2025-07-16T02:43:00.000Z";"2781";0.435352441;0.4579932678;0.4249543206;0.4406880697;645939996.41;2187203274.73;"2025-07-16T23:59:59.999Z"
"2025-07-15T00:00:00.000Z";"2025-07-15T23:59:59.999Z";"2025-07-15T23:38:00.000Z";"2025-07-15T03:22:00.000Z";"2781";0.4028109893;0.4415304118;0.3912592853;0.435352441;454887702.25;2160757907.35;"2025-07-15T23:59:59.999Z"
"2025-07-14T00:00:00.000Z";"2025-07-14T23:59:59.999Z";"2025-07-14T04:36:00.000Z";"2025-07-14T20:19:00.000Z";"2781";0.4106852421;0.4323118388;0.4004074838;0.4028078643;390893973.64;1999246928.31;"2025-07-14T23:59:59.999Z"
"2025-07-13T00:00:00.000Z";"2025-07-13T23:59:59.999Z";"2025-07-13T13:49:00.000Z";"2025-07-13T00:40:00.000Z";"2781";0.3998458113;0.4203571065;0.3986029471;0.4106852421;259217019.91;2038328720.96;"2025-07-13T23:59:59.999Z"
"2025-07-12T00:00:00.000Z";"2025-07-12T23:59:59.999Z";"2025-07-12T02:35:00.000Z";"2025-07-12T15:43:00.000Z";"2781";0.4055809982;0.4122610161;0.3831065675;0.3998458113;244379652.95;1984530043.38;"2025-07-12T23:59:59.999Z"
"2025-07-11T00:00:00.000Z";"2025-07-11T23:59:59.999Z";"2025-07-11T06:10:00.000Z";"2025-07-11T00:29:00.000Z";"2781";0.3978221913;0.4321463868;0.3898132564;0.4055558468;544887809.08;2012995142.58;"2025-07-11T23:59:59.999Z"
"2025-07-10T00:00:00.000Z";"2025-07-10T23:59:59.999Z";"2025-07-10T23:56:00.000Z";"2025-07-10T01:01:00.000Z";"2781";0.3554565045;0.3982729187;0.3516245392;0.3978221913;354056474.65;1974486334.81;"2025-07-10T23:59:59.999Z"
"2025-07-09T00:00:00.000Z";"2025-07-09T23:59:59.999Z";"2025-07-09T22:21:00.000Z";"2025-07-09T04:28:00.000Z";"2781";0.3383272736;0.3582069901;0.3344451851;0.3554565045;297410065.5;1764215335.85;"2025-07-09T23:59:59.999Z"
"2025-07-08T00:00:00.000Z";"2025-07-08T23:59:59.999Z";"2025-07-08T17:18:00.000Z";"2025-07-08T04:22:00.000Z";"2781";0.328916294;0.3413864379;0.3233328022;0.3383272736;171665096.32;1679198880.92;"2025-07-08T23:59:59.999Z"
"2025-07-07T00:00:00.000Z";"2025-07-07T23:59:59.999Z";"2025-07-07T09:01:00.000Z";"2025-07-07T22:31:00.000Z";"2781";0.3344750932;0.3381898845;0.3256905762;0.328916294;151462507.63;1632489946.39;"2025-07-07T23:59:59.999Z"
"2025-07-06T00:00:00.000Z";"2025-07-06T23:59:59.999Z";"2025-07-06T22:10:00.000Z";"2025-07-06T06:01:00.000Z";"2781";0.3280202664;0.3385493346;0.3221308242;0.3344712087;134501466.06;1660079591.46;"2025-07-06T23:59:59.999Z"
"2025-07-05T00:00:00.000Z";"2025-07-05T23:59:59.999Z";"2025-07-05T23:08:00.000Z";"2025-07-05T19:18:00.000Z";"2781";0.3241195263;0.3322170218;0.3208119339;0.3280202664;122419262.44;1628042747.87;"2025-07-05T23:59:59.999Z"
"2025-07-04T00:00:00.000Z";"2025-07-04T23:59:59.999Z";"2025-07-04T01:23:00.000Z";"2025-07-04T16:34:00.000Z";"2781";0.3438379912;0.3469012889;0.3146294144;0.3241195263;218499935.84;1608682445.5;"2025-07-04T23:59:59.999Z"
"2025-07-03T00:00:00.000Z";"2025-07-03T23:59:59.999Z";"2025-07-03T06:28:00.000Z";"2025-07-03T15:37:00.000Z";"2781";0.3479567306;0.3621781755;0.3408975314;0.3438379912;286591012.86;1706549885.4;"2025-07-03T23:59:59.999Z"
"2025-07-02T00:00:00.000Z";"2025-07-02T23:59:59.999Z";"2025-07-02T17:25:00.000Z";"2025-07-02T01:20:00.000Z";"2781";0.3272721551;0.356205675;0.3235058203;0.3479567306;481700492.86;1726992170.82;"2025-07-02T23:59:59.999Z"
"2025-07-01T00:00:00.000Z";"2025-07-01T23:59:59.999Z";"2025-07-01T00:19:00.000Z";"2025-07-01T07:25:00.000Z";"2781";0.3454203568;0.34572472;0.3220069206;0.3272770347;302428797.17;1624329693.42;"2025-07-01T23:59:59.999Z"
"2025-06-30T00:00:00.000Z";"2025-06-30T23:59:59.999Z";"2025-06-30T07:56:00.000Z";"2025-06-30T16:10:00.000Z";"2781";0.3684735278;0.3749767785;0.3370899951;0.3454209331;665865882.01;1714403543.33;"2025-06-30T23:59:59.999Z"
"2025-06-29T00:00:00.000Z";"2025-06-29T23:59:59.999Z";"2025-06-29T22:25:00.000Z";"2025-06-29T03:58:00.000Z";"2781";0.3117868277;0.3890575048;0.3052076576;0.3684710519;568827617.74;1828821924.04;"2025-06-29T23:59:59.999Z"
"2025-06-28T00:00:00.000Z";"2025-06-28T23:59:59.999Z";"2025-06-28T23:08:00.000Z";"2025-06-28T13:30:00.000Z";"2781";0.3057827944;0.3131095784;0.3012916156;0.3117852404;109659045.82;1547472323.38;"2025-06-28T23:59:59.999Z"
"2025-06-27T00:00:00.000Z";"2025-06-27T23:59:59.999Z";"2025-06-27T16:41:00.000Z";"2025-06-27T13:02:00.000Z";"2781";0.3023832101;0.3149812177;0.2983705901;0.3057827944;182032875.97;1517672875.37;"2025-06-27T23:59:59.999Z"
"2025-06-26T00:00:00.000Z";"2025-06-26T23:59:59.999Z";"2025-06-26T01:38:00.000Z";"2025-06-26T13:58:00.000Z";"2781";0.3088245533;0.3145779195;0.2950027019;0.3021167122;211571145.37;1499477235.71;"2025-06-26T23:59:59.999Z"
"2025-06-25T00:00:00.000Z";"2025-06-25T23:59:59.999Z";"2025-06-25T17:25:00.000Z";"2025-06-25T08:56:00.000Z";"2781";0.314632305;0.3247231665;0.3062051063;0.3088212417;224628513.37;1532769849.5;"2025-06-25T23:59:59.999Z"
"2025-06-24T00:00:00.000Z";"2025-06-24T23:59:59.999Z";"2025-06-24T17:02:00.000Z";"2025-06-24T00:52:00.000Z";"2781";0.3029632593;0.3344679649;0.2989959966;0.314632305;290115484.35;1561595105.57;"2025-06-24T23:59:59.999Z"
"2025-06-23T00:00:00.000Z";"2025-06-23T23:59:59.999Z";"2025-06-23T22:31:00.000Z";"2025-06-23T16:38:00.000Z";"2781";0.2673782214;0.3044031274;0.2656265813;0.3029632593;269058310.6;1503678850.92;"2025-06-23T23:59:59.999Z"
"2025-06-22T00:00:00.000Z";"2025-06-22T23:59:59.999Z";"2025-06-22T00:42:00.000Z";"2025-06-22T20:23:00.000Z";"2781";0.2739298269;0.2799771063;0.2544968904;0.267378262;249816285.73;1327061827.9;"2025-06-22T23:59:59.999Z"
"2025-06-21T00:00:00.000Z";"2025-06-21T23:59:59.999Z";"2025-06-21T01:46:00.000Z";"2025-06-21T23:49:00.000Z";"2781";0.2866966787;0.2919900394;0.2685109068;0.2739298269;167036333.57;1359579007.33;"2025-06-21T23:59:59.999Z"
"2025-06-20T00:00:00.000Z";"2025-06-20T23:59:59.999Z";"2025-06-20T08:17:00.000Z";"2025-06-20T23:16:00.000Z";"2781";0.3012527575;0.3098626167;0.2841602054;0.2866966787;202549035.49;1422943935.23;"2025-06-20T23:59:59.999Z"
"2025-06-19T00:00:00.000Z";"2025-06-19T23:59:59.999Z";"2025-06-19T05:27:00.000Z";"2025-06-19T17:23:00.000Z";"2781";0.3070633579;0.3113672537;0.2972949167;0.3012506518;131564416.4;1495189222.93;"2025-06-19T23:59:59.999Z"
"2025-06-18T00:00:00.000Z";"2025-06-18T23:59:59.999Z";"2025-06-18T04:50:00.000Z";"2025-06-18T13:35:00.000Z";"2781";0.3039916891;0.3103318578;0.2907062593;0.3070561058;203753683.28;1524028617.39;"2025-06-18T23:59:59.999Z"
"2025-06-17T00:00:00.000Z";"2025-06-17T23:59:59.999Z";"2025-06-17T03:13:00.000Z";"2025-06-17T17:16:00.000Z";"2781";0.3181851902;0.3256965145;0.2998325599;0.3040076163;248413112.25;1508862243.65;"2025-06-17T23:59:59.999Z"
"2025-06-16T00:00:00.000Z";"2025-06-16T23:59:59.999Z";"2025-06-16T14:37:00.000Z";"2025-06-16T23:59:00.000Z";"2781";0.3276552587;0.3415619668;0.3181665925;0.318199961;234913149.6;1546951826.3;"2025-06-16T23:59:59.999Z"
"2025-06-15T00:00:00.000Z";"2025-06-15T23:59:59.999Z";"2025-06-15T00:55:00.000Z";"2025-06-15T21:14:00.000Z";"2781";0.3336029395;0.3358518176;0.3197652783;0.3276552587;159756484.15;1592993377.25;"2025-06-15T23:59:59.999Z"
"2025-06-14T00:00:00.000Z";"2025-06-14T23:59:59.999Z";"2025-06-14T00:26:00.000Z";"2025-06-14T16:55:00.000Z";"2781";0.3483268019;0.3488310596;0.3279061799;0.3336032056;144351422.66;1621909794.69;"2025-06-14T23:59:59.999Z"
"2025-06-13T00:00:00.000Z";"2025-06-13T23:59:59.999Z";"2025-06-13T00:00:00.000Z";"2025-06-13T02:46:00.000Z";"2781";0.3675140871;0.3675140871;0.3315005901;0.3483190846;353325776.83;1693494225.44;"2025-06-13T23:59:59.999Z"
"2025-06-12T00:00:00.000Z";"2025-06-12T23:59:59.999Z";"2025-06-12T00:53:00.000Z";"2025-06-12T20:58:00.000Z";"2781";0.3980208281;0.4009454934;0.3665476684;0.3675204974;223648165.01;1786810078.15;"2025-06-12T23:59:59.999Z"
"2025-06-11T00:00:00.000Z";"2025-06-11T23:59:59.999Z";"2025-06-11T15:40:00.000Z";"2025-06-11T23:00:00.000Z";"2781";0.4130618294;0.4255070495;0.3944983611;0.3980208281;294602380.69;1935096496.6;"2025-06-11T23:59:59.999Z"
"2025-06-10T00:00:00.000Z";"2025-06-10T23:59:59.999Z";"2025-06-10T22:34:00.000Z";"2025-06-10T06:17:00.000Z";"2781";0.3687441324;0.4169613221;0.3623709108;0.4130618294;349870932.44;2008222792.83;"2025-06-10T23:59:59.999Z"
"2025-06-09T00:00:00.000Z";"2025-06-09T23:59:59.999Z";"2025-06-09T23:52:00.000Z";"2025-06-09T06:14:00.000Z";"2781";0.3421636492;0.3694379211;0.3364343699;0.3687441324;137498240.22;1792759143.27;"2025-06-09T23:59:59.999Z"
"2025-06-08T00:00:00.000Z";"2025-06-08T23:59:59.999Z";"2025-06-08T17:08:00.000Z";"2025-06-08T10:16:00.000Z";"2781";0.3480069678;0.3494392743;0.338523306;0.3421636492;90024084.64;1663530228.05;"2025-06-08T23:59:59.999Z"
"2025-06-07T00:00:00.000Z";"2025-06-07T23:59:59.999Z";"2025-06-07T22:40:00.000Z";"2025-06-07T00:18:00.000Z";"2781";0.3323521994;0.3495818341;0.3319239932;0.3480069678;96853694.07;1691939257.23;"2025-06-07T23:59:59.999Z"
"2025-06-06T00:00:00.000Z";"2025-06-06T23:59:59.999Z";"2025-06-06T15:16:00.000Z";"2025-06-06T00:01:00.000Z";"2781";0.3243925386;0.345486399;0.3239677213;0.3323522638;157353105.7;1615828950.06;"2025-06-06T23:59:59.999Z"
"2025-06-05T00:00:00.000Z";"2025-06-05T23:59:59.999Z";"2025-06-05T02:55:00.000Z";"2025-06-05T21:01:00.000Z";"2781";0.3594942082;0.3634750709;0.3181244019;0.3243909209;227678625.18;1577122829.65;"2025-06-05T23:59:59.999Z"
"2025-06-04T00:00:00.000Z";"2025-06-04T23:59:59.999Z";"2025-06-04T08:43:00.000Z";"2025-06-04T20:25:00.000Z";"2781";0.3598583438;0.3731673624;0.3555650182;0.3594956151;186372956.08;1747794729;"2025-06-04T23:59:59.999Z"
"2025-06-03T00:00:00.000Z";"2025-06-03T23:59:59.999Z";"2025-06-03T15:01:00.000Z";"2025-06-03T04:58:00.000Z";"2781";0.3586849396;0.3727486691;0.3565062029;0.3598695494;170584681.84;1749558242.2;"2025-06-03T23:59:59.999Z"
"2025-06-02T00:00:00.000Z";"2025-06-02T23:59:59.999Z";"2025-06-02T23:48:00.000Z";"2025-06-02T10:37:00.000Z";"2781";0.3420820026;0.3597038294;0.333806794;0.3586848114;167573958.11;1743852765.68;"2025-06-02T23:59:59.999Z"
"2025-06-01T00:00:00.000Z";"2025-06-01T23:59:59.999Z";"2025-06-01T23:22:00.000Z";"2025-06-01T09:48:00.000Z";"2781";0.340101117;0.3444234254;0.3313184009;0.3420820026;120477800.6;1663133278.66;"2025-06-01T23:59:59.999Z"
"2025-05-31T00:00:00.000Z";"2025-05-31T23:59:59.999Z";"2025-05-31T13:08:00.000Z";"2025-05-31T01:37:00.000Z";"2781";0.3335073474;0.3459805311;0.3220209776;0.340102941;208362990.26;1653502615;"2025-05-31T23:59:59.999Z"
"2025-05-30T00:00:00.000Z";"2025-05-30T23:59:59.999Z";"2025-05-30T00:19:00.000Z";"2025-05-30T23:30:00.000Z";"2781";0.3954089227;0.398548824;0.3332123881;0.333499913;369568239.81;1621445045.09;"2025-05-30T23:59:59.999Z"
"2025-05-29T00:00:00.000Z";"2025-05-29T23:59:59.999Z";"2025-05-29T03:19:00.000Z";"2025-05-29T23:54:00.000Z";"2781";0.4093209513;0.440531605;0.3946680572;0.3954090668;336610832.28;1922398643.46;"2025-05-29T23:59:59.999Z"
"2025-05-28T00:00:00.000Z";"2025-05-28T23:59:59.999Z";"2025-05-28T12:40:00.000Z";"2025-05-28T20:23:00.000Z";"2781";0.4021704198;0.4166850948;0.3900703689;0.4093132595;218232942.28;1990035402.68;"2025-05-28T23:59:59.999Z"
"2025-05-27T00:00:00.000Z";"2025-05-27T23:59:59.999Z";"2025-05-27T17:51:00.000Z";"2025-05-27T01:25:00.000Z";"2781";0.3921201857;0.4141624171;0.3810387069;0.4021745429;195685406.93;1955291015.18;"2025-05-27T23:59:59.999Z"
"2025-05-26T00:00:00.000Z";"2025-05-26T23:59:59.999Z";"2025-05-26T07:13:00.000Z";"2025-05-26T18:04:00.000Z";"2781";0.3941053591;0.4065472396;0.3880897443;0.3921201857;158375661.75;1906408770.56;"2025-05-26T23:59:59.999Z"
"2025-05-25T00:00:00.000Z";"2025-05-25T23:59:59.999Z";"2025-05-25T00:11:00.000Z";"2025-05-25T15:28:00.000Z";"2781";0.3924378777;0.394393924;0.3762799688;0.3941058641;121175490.55;1916062736.33;"2025-05-25T23:59:59.999Z"
"2025-05-24T00:00:00.000Z";"2025-05-24T23:59:59.999Z";"2025-05-24T04:55:00.000Z";"2025-05-24T00:06:00.000Z";"2781";0.3901044269;0.4014759094;0.3894387239;0.3924393702;113940934.42;1907953324.52;"2025-05-24T23:59:59.999Z"
"2025-05-23T00:00:00.000Z";"2025-05-23T23:59:59.999Z";"2025-05-23T04:01:00.000Z";"2025-05-23T23:44:00.000Z";"2781";0.4286497773;0.444079597;0.3891511382;0.3901024963;325399949.84;1896608560.3;"2025-05-23T23:59:59.999Z"
"2025-05-22T00:00:00.000Z";"2025-05-22T23:59:59.999Z";"2025-05-22T15:38:00.000Z";"2025-05-22T00:00:00.000Z";"2781";0.4109832528;0.4380691457;0.4109809689;0.4286653083;308353897;2084008232.04;"2025-05-22T23:59:59.999Z"
"2025-05-21T00:00:00.000Z";"2025-05-21T23:59:59.999Z";"2025-05-21T23:28:00.000Z";"2025-05-21T02:24:00.000Z";"2781";0.3936089643;0.4180747233;0.391155817;0.4109846813;306512611;1998117175.14;"2025-05-21T23:59:59.999Z"
"2025-05-20T00:00:00.000Z";"2025-05-20T23:59:59.999Z";"2025-05-20T05:20:00.000Z";"2025-05-20T19:02:00.000Z";"2781";0.3921750226;0.4014620645;0.3806986071;0.3936049634;192931092.25;1913627458.36;"2025-05-20T23:59:59.999Z"
"2025-05-19T00:00:00.000Z";"2025-05-19T23:59:59.999Z";"2025-05-19T00:10:00.000Z";"2025-05-19T07:02:00.000Z";"2781";0.3963984089;0.3981404917;0.364871034;0.3921750226;215726236.52;1906675376.5;"2025-05-19T23:59:59.999Z"
"2025-05-18T00:00:00.000Z";"2025-05-18T23:59:59.999Z";"2025-05-18T15:55:00.000Z";"2025-05-18T20:07:00.000Z";"2781";0.3759084656;0.4068168247;0.370569652;0.3966021718;248441564.64;1928199277.37;"2025-05-18T23:59:59.999Z"
"2025-05-17T00:00:00.000Z";"2025-05-17T23:59:59.999Z";"2025-05-17T00:02:00.000Z";"2025-05-17T16:49:00.000Z";"2781";0.3900256987;0.3901010571;0.37004211;0.3759051322;193588867.47;1827590677.27;"2025-05-17T23:59:59.999Z"
"2025-05-16T00:00:00.000Z";"2025-05-16T23:59:59.999Z";"2025-05-16T11:04:00.000Z";"2025-05-16T22:53:00.000Z";"2781";0.3973040436;0.4169699926;0.3872131744;0.3900263489;219947942.71;1896228960.95;"2025-05-16T23:59:59.999Z"
"2025-05-15T00:00:00.000Z";"2025-05-15T23:59:59.999Z";"2025-05-15T00:55:00.000Z";"2025-05-15T23:24:00.000Z";"2781";0.4270952892;0.4347660279;0.3884295264;0.3972806637;303175269.1;1889743192.38;"2025-05-15T23:59:59.999Z"
"2025-05-14T00:00:00.000Z";"2025-05-14T23:59:59.999Z";"2025-05-14T01:19:00.000Z";"2025-05-14T17:27:00.000Z";"2781";0.4564101097;0.4604632409;0.4211633988;0.4270967954;256719500.92;2031569455.15;"2025-05-14T23:59:59.999Z"
"2025-05-13T00:00:00.000Z";"2025-05-13T23:59:59.999Z";"2025-05-13T19:49:00.000Z";"2025-05-13T03:52:00.000Z";"2781";0.4302099105;0.4641225268;0.4077381629;0.4564084701;362367524.71;2170996169.75;"2025-05-13T23:59:59.999Z"
"2025-05-12T00:00:00.000Z";"2025-05-12T23:59:59.999Z";"2025-05-12T07:34:00.000Z";"2025-05-12T18:50:00.000Z";"2781";0.4507340264;0.4784981093;0.4186829346;0.4302099105;472124744.59;2046377596.06;"2025-05-12T23:59:59.999Z"
"2025-05-11T00:00:00.000Z";"2025-05-11T23:59:59.999Z";"2025-05-11T02:43:00.000Z";"2025-05-11T16:17:00.000Z";"2781";0.4832216157;0.5009985657;0.4416487764;0.4507287673;540009678.51;2144004568.38;"2025-05-11T23:59:59.999Z"
"2025-05-10T00:00:00.000Z";"2025-05-10T23:59:59.999Z";"2025-05-10T22:43:00.000Z";"2025-05-10T00:58:00.000Z";"2781";0.3783733343;0.495100589;0.3740906199;0.4832216157;653517884.33;2298538141.75;"2025-05-10T23:59:59.999Z"
"2025-05-09T00:00:00.000Z";"2025-05-09T23:59:59.999Z";"2025-05-09T08:37:00.000Z";"2025-05-09T00:19:00.000Z";"2781";0.3618599247;0.3924392902;0.3608502077;0.3783746162;290391113.58;1799812878.74;"2025-05-09T23:59:59.999Z"
"2025-05-08T00:00:00.000Z";"2025-05-08T23:59:59.999Z";"2025-05-08T21:25:00.000Z";"2025-05-08T00:01:00.000Z";"2781";0.3108322942;0.3658766369;0.3107661507;0.3618599247;233648926.05;1721257518.35;"2025-05-08T23:59:59.999Z"
"2025-05-07T00:00:00.000Z";"2025-05-07T23:59:59.999Z";"2025-05-07T23:18:00.000Z";"2025-05-07T16:40:00.000Z";"2781";0.3084691196;0.3122737321;0.2990771428;0.3108332392;132027401.77;1478534611.74;"2025-05-07T23:59:59.999Z"
"2025-05-06T00:00:00.000Z";"2025-05-06T23:59:59.999Z";"2025-05-06T01:26:00.000Z";"2025-05-06T21:40:00.000Z";"2781";0.3113091232;0.3119906703;0.2963469358;0.3084703785;104152806.01;1467293709.58;"2025-05-06T23:59:59.999Z"
"2025-05-05T00:00:00.000Z";"2025-05-05T23:59:59.999Z";"2025-05-05T08:47:00.000Z";"2025-05-05T20:44:00.000Z";"2781";0.3109240302;0.3207216204;0.3065773662;0.3113094865;95618169.42;1480804470.28;"2025-05-05T23:59:59.999Z"
"2025-05-04T00:00:00.000Z";"2025-05-04T23:59:59.999Z";"2025-05-04T06:04:00.000Z";"2025-05-04T22:49:00.000Z";"2781";0.3199851371;0.3227592595;0.309769595;0.3109240302;92794230.38;1478970971.78;"2025-05-04T23:59:59.999Z"
"2025-05-03T00:00:00.000Z";"2025-05-03T23:59:59.999Z";"2025-05-03T00:07:00.000Z";"2025-05-03T17:10:00.000Z";"2781";0.3387207341;0.3396180739;0.3177940651;0.3199851371;103809514.99;1522071899.59;"2025-05-03T23:59:59.999Z"
"2025-05-02T00:00:00.000Z";"2025-05-02T23:59:59.999Z";"2025-05-02T03:06:00.000Z";"2025-05-02T08:01:00.000Z";"2781";0.3393987169;0.3450328085;0.334268407;0.3387206118;97526614.39;1611190850.11;"2025-05-02T23:59:59.999Z"
"2025-05-01T00:00:00.000Z";"2025-05-01T23:59:59.999Z";"2025-05-01T15:16:00.000Z";"2025-05-01T00:01:00.000Z";"2781";0.3258667062;0.3444386861;0.3258472922;0.3393952722;112367221.41;1614400004.06;"2025-05-01T23:59:59.999Z"
"2025-04-30T00:00:00.000Z";"2025-04-30T23:59:59.999Z";"2025-04-30T12:01:00.000Z";"2025-04-30T14:01:00.000Z";"2781";0.3278573522;0.3347673695;0.316389322;0.3258667062;125876428.73;1550048733.32;"2025-04-30T23:59:59.999Z"
"2025-04-29T00:00:00.000Z";"2025-04-29T23:59:59.999Z";"2025-04-29T08:20:00.000Z";"2025-04-29T23:29:00.000Z";"2781";0.3359434391;0.3425385231;0.3247825663;0.3278578222;117267571.79;1559519865.97;"2025-04-29T23:59:59.999Z"
"2025-04-28T00:00:00.000Z";"2025-04-28T23:59:59.999Z";"2025-04-28T08:19:00.000Z";"2025-04-28T01:44:00.000Z";"2781";0.3363279875;0.3482503668;0.3282210472;0.3359399114;136332753.22;1597980684.44;"2025-04-28T23:59:59.999Z"
"2025-04-27T00:00:00.000Z";"2025-04-27T23:59:59.999Z";"2025-04-27T01:16:00.000Z";"2025-04-27T16:37:00.000Z";"2781";0.352966035;0.3624458197;0.3335589133;0.3363192486;126632375.07;1599809864.38;"2025-04-27T23:59:59.999Z"
"2025-04-26T00:00:00.000Z";"2025-04-26T23:59:59.999Z";"2025-04-26T08:40:00.000Z";"2025-04-26T14:23:00.000Z";"2781";0.3465716743;0.356550475;0.3433350433;0.35296232;114657218.94;1678951991.84;"2025-04-26T23:59:59.999Z"
"2025-04-25T00:00:00.000Z";"2025-04-25T23:59:59.999Z";"2025-04-25T15:29:00.000Z";"2025-04-25T02:58:00.000Z";"2781";0.3419467703;0.3517573509;0.3359606306;0.346568158;142188232.51;1648535964.62;"2025-04-25T23:59:59.999Z"
"2025-04-24T00:00:00.000Z";"2025-04-24T23:59:59.999Z";"2025-04-24T15:17:00.000Z";"2025-04-24T08:50:00.000Z";"2781";0.3391495104;0.3441448949;0.3258556793;0.3419472212;159455159.18;1626538848.57;"2025-04-24T23:59:59.999Z"
"2025-04-23T00:00:00.000Z";"2025-04-23T23:59:59.999Z";"2025-04-23T18:14:00.000Z";"2025-04-23T00:13:00.000Z";"2781";0.3224296938;0.342009025;0.3211094114;0.3391494692;202454327.54;1613230989.96;"2025-04-23T23:59:59.999Z"
"2025-04-22T00:00:00.000Z";"2025-04-22T23:59:59.999Z";"2025-04-22T23:14:00.000Z";"2025-04-22T06:44:00.000Z";"2781";0.2995190271;0.3243449065;0.2927489699;0.3224324577;165455634.05;1533699911.79;"2025-04-22T23:59:59.999Z"
"2025-04-21T00:00:00.000Z";"2025-04-21T23:59:59.999Z";"2025-04-21T06:22:00.000Z";"2025-04-21T23:49:00.000Z";"2781";0.3044104716;0.3143905572;0.2975213201;0.2995206637;102291954.61;1424728628.45;"2025-04-21T23:59:59.999Z"
"2025-04-20T00:00:00.000Z";"2025-04-20T23:59:59.999Z";"2025-04-20T05:22:00.000Z";"2025-04-20T11:50:00.000Z";"2781";0.3005186122;0.3069968332;0.2969246302;0.3044104716;74256632.19;1405741176.55;"2025-04-20T23:59:59.999Z"
"2025-04-19T00:00:00.000Z";"2025-04-19T23:59:59.999Z";"2025-04-19T19:10:00.000Z";"2025-04-19T00:11:00.000Z";"2781";0.2906970093;0.3036836301;0.2900446406;0.3005150331;77259745.22;1387752378.91;"2025-04-19T23:59:59.999Z"
"2025-04-18T00:00:00.000Z";"2025-04-18T23:59:59.999Z";"2025-04-18T08:43:00.000Z";"2025-04-18T01:04:00.000Z";"2781";0.2822797409;0.2929451753;0.2812750545;0.2906970093;81924856.19;1342413595.88;"2025-04-18T23:59:59.999Z"
"2025-04-17T00:00:00.000Z";"2025-04-17T23:59:59.999Z";"2025-04-17T18:22:00.000Z";"2025-04-17T14:41:00.000Z";"2781";0.2787146712;0.2864788973;0.2755263531;0.2822797409;93769474.51;1303543380.19;"2025-04-17T23:59:59.999Z"
"2025-04-16T00:00:00.000Z";"2025-04-16T23:59:59.999Z";"2025-04-16T20:23:00.000Z";"2025-04-16T18:02:00.000Z";"2781";0.2801855036;0.2838035001;0.2719059791;0.2787146712;132621098.42;1287080197.28;"2025-04-16T23:59:59.999Z"
"2025-04-15T00:00:00.000Z";"2025-04-15T23:59:59.999Z";"2025-04-15T00:42:00.000Z";"2025-04-15T22:55:00.000Z";"2781";0.2954509279;0.2966459706;0.2797802934;0.2801855036;107476934.65;1293872373.46;"2025-04-15T23:59:59.999Z"
"2025-04-14T00:00:00.000Z";"2025-04-14T23:59:59.999Z";"2025-04-14T02:37:00.000Z";"2025-04-14T16:32:00.000Z";"2781";0.3003849892;0.3115702244;0.2934465053;0.2954512995;134794339.12;1364366780.11;"2025-04-14T23:59:59.999Z"
"2025-04-13T00:00:00.000Z";"2025-04-13T23:59:59.999Z";"2025-04-13T18:10:00.000Z";"2025-04-13T23:03:00.000Z";"2781";0.3108397214;0.316575631;0.2969419272;0.3003826178;124246233.78;1387140896.42;"2025-04-13T23:59:59.999Z"
"2025-04-12T00:00:00.000Z";"2025-04-12T23:59:59.999Z";"2025-04-12T21:55:00.000Z";"2025-04-12T00:58:00.000Z";"2781";0.2952706607;0.3118545659;0.2939715258;0.3108396199;92195252.47;1435430426.13;"2025-04-12T23:59:59.999Z"
"2025-04-11T00:00:00.000Z";"2025-04-11T23:59:59.999Z";"2025-04-11T18:19:00.000Z";"2025-04-11T01:01:00.000Z";"2781";0.2863538304;0.2985487102;0.2852177336;0.2952690762;125750110.54;1363534321.9;"2025-04-11T23:59:59.999Z"
"2025-04-10T00:00:00.000Z";"2025-04-10T23:59:59.999Z";"2025-04-10T00:01:00.000Z";"2025-04-10T15:52:00.000Z";"2781";0.2930965767;0.2933771491;0.275848751;0.2863523153;142967738.19;1322350175.43;"2025-04-10T23:59:59.999Z"
"2025-04-09T00:00:00.000Z";"2025-04-09T23:59:59.999Z";"2025-04-09T18:34:00.000Z";"2025-04-09T01:32:00.000Z";"2781";0.2641244697;0.3004278005;0.2564679487;0.2930926439;218973410.19;1353476429.13;"2025-04-09T23:59:59.999Z"
"2025-04-08T00:00:00.000Z";"2025-04-08T23:59:59.999Z";"2025-04-08T02:16:00.000Z";"2025-04-08T17:29:00.000Z";"2781";0.2743603127;0.2818893027;0.2613560641;0.2641244697;152909547.77;1219703910.78;"2025-04-08T23:59:59.999Z"
"2025-04-07T00:00:00.000Z";"2025-04-07T23:59:59.999Z";"2025-04-07T14:19:00.000Z";"2025-04-07T07:00:00.000Z";"2781";0.2676997453;0.2828081972;0.2450189275;0.2743586389;327528799.35;1266972147.11;"2025-04-07T23:59:59.999Z"
"2025-04-06T00:00:00.000Z";"2025-04-06T23:59:59.999Z";"2025-04-06T00:00:00.000Z";"2025-04-06T23:25:00.000Z";"2781";0.3091743802;0.3091743802;0.2605502441;0.2676964146;160417906.83;1236198842.81;"2025-04-06T23:59:59.999Z"
"2025-04-05T00:00:00.000Z";"2025-04-05T23:59:59.999Z";"2025-04-05T10:19:00.000Z";"2025-04-05T21:07:00.000Z";"2781";0.3122290837;0.3150513794;0.3059125992;0.3092048005;56539233.23;1427880971.79;"2025-04-05T23:59:59.999Z"
"2025-04-04T00:00:00.000Z";"2025-04-04T23:59:59.999Z";"2025-04-04T08:22:00.000Z";"2025-04-04T11:33:00.000Z";"2781";0.3103046018;0.3178320982;0.3015573868;0.3122290837;130431705.95;1441846849.63;"2025-04-04T23:59:59.999Z"
"2025-04-03T00:00:00.000Z";"2025-04-03T23:59:59.999Z";"2025-04-03T03:25:00.000Z";"2025-04-03T12:52:00.000Z";"2781";0.3073584345;0.3164577022;0.2950830858;0.31030485;142813547.7;1432959759.06;"2025-04-03T23:59:59.999Z"
"2025-04-02T00:00:00.000Z";"2025-04-02T23:59:59.999Z";"2025-04-02T20:21:00.000Z";"2025-04-02T23:04:00.000Z";"2781";0.3335848865;0.3376680393;0.3032558883;0.3073669265;199879443.93;1419393829.1;"2025-04-02T23:59:59.999Z"
"2025-04-01T00:00:00.000Z";"2025-04-01T23:59:59.999Z";"2025-04-01T09:05:00.000Z";"2025-04-01T00:01:00.000Z";"2781";0.3279962649;0.3416929757;0.3277978722;0.3335863734;103379595.33;1540472962.6;"2025-04-01T23:59:59.999Z"
"2025-03-31T00:00:00.000Z";"2025-03-31T23:59:59.999Z";"2025-03-31T01:31:00.000Z";"2025-03-31T10:13:00.000Z";"2781";0.3316554714;0.3347617182;0.3188966886;0.3279962649;117149341.23;1514658325.7;"2025-03-31T23:59:59.999Z"
"2025-03-30T00:00:00.000Z";"2025-03-30T23:59:59.999Z";"2025-03-30T09:37:00.000Z";"2025-03-30T22:10:00.000Z";"2781";0.330910215;0.3385893568;0.3267656362;0.3316560099;101471326.88;1531556224.54;"2025-03-30T23:59:59.999Z"
"2025-03-29T00:00:00.000Z";"2025-03-29T23:59:59.999Z";"2025-03-29T00:24:00.000Z";"2025-03-29T20:52:00.000Z";"2781";0.3475948015;0.3490890998;0.3267645328;0.3309264681;120727394.36;1528189750.31;"2025-03-29T23:59:59.999Z"
"2025-03-28T00:00:00.000Z";"2025-03-28T23:59:59.999Z";"2025-03-28T01:46:00.000Z";"2025-03-28T21:06:00.000Z";"2781";0.3843537235;0.387179292;0.3423184285;0.3476006736;129926457.43;1605189786.38;"2025-03-28T23:59:59.999Z"
"2025-03-27T00:00:00.000Z";"2025-03-27T23:59:59.999Z";"2025-03-27T03:40:00.000Z";"2025-03-27T13:44:00.000Z";"2781";0.3818907385;0.3907202305;0.3747614573;0.3843537235;93371873.34;1774912185.73;"2025-03-27T23:59:59.999Z"
"2025-03-26T00:00:00.000Z";"2025-03-26T23:59:59.999Z";"2025-03-26T08:34:00.000Z";"2025-03-26T19:16:00.000Z";"2781";0.3935173677;0.4023502985;0.378542601;0.3818907385;105572787.92;1763538334.13;"2025-03-26T23:59:59.999Z"
"2025-03-25T00:00:00.000Z";"2025-03-25T23:59:59.999Z";"2025-03-25T21:26:00.000Z";"2025-03-25T04:07:00.000Z";"2781";0.3899104988;0.3944506771;0.3844219223;0.3935173464;106642542.41;1817229100.38;"2025-03-25T23:59:59.999Z"
"2025-03-24T00:00:00.000Z";"2025-03-24T23:59:59.999Z";"2025-03-24T14:22:00.000Z";"2025-03-24T01:46:00.000Z";"2781";0.3681410329;0.3946142835;0.3624116317;0.3898851578;151739507.6;1800572892.42;"2025-03-24T23:59:59.999Z"
"2025-03-23T00:00:00.000Z";"2025-03-23T23:59:59.999Z";"2025-03-23T07:55:00.000Z";"2025-03-23T21:24:00.000Z";"2781";0.3648504576;0.3734826312;0.3628190629;0.368141033;80073333.97;1700043385.76;"2025-03-23T23:59:59.999Z"
"2025-03-22T00:00:00.000Z";"2025-03-22T23:59:59.999Z";"2025-03-22T20:16:00.000Z";"2025-03-22T00:07:00.000Z";"2781";0.3594712204;0.3719311955;0.3592644909;0.364850538;72469466.98;1684848165.04;"2025-03-22T23:59:59.999Z"
"2025-03-21T00:00:00.000Z";"2025-03-21T23:59:59.999Z";"2025-03-21T01:16:00.000Z";"2025-03-21T13:37:00.000Z";"2781";0.3754823553;0.3788455622;0.3584095106;0.3594709166;107406333.79;1660006942.39;"2025-03-21T23:59:59.999Z"
"2025-03-20T00:00:00.000Z";"2025-03-20T23:59:59.999Z";"2025-03-20T00:15:00.000Z";"2025-03-20T16:55:00.000Z";"2781";0.3853984007;0.3862189321;0.3671635358;0.3754829351;121833682.58;1733944975.9;"2025-03-20T23:59:59.999Z"
"2025-03-19T00:00:00.000Z";"2025-03-19T23:59:59.999Z";"2025-03-19T23:45:00.000Z";"2025-03-19T02:07:00.000Z";"2781";0.3713446571;0.3862992437;0.3674935374;0.3853954759;197750273.53;1779722907.94;"2025-03-19T23:59:59.999Z"
"2025-03-18T00:00:00.000Z";"2025-03-18T23:59:59.999Z";"2025-03-18T23:59:00.000Z";"2025-03-18T18:37:00.000Z";"2781";0.3695972498;0.371355811;0.3526116106;0.371355811;116151553.99;1714837444.36;"2025-03-18T23:59:59.999Z"
"2025-03-17T00:00:00.000Z";"2025-03-17T23:59:59.999Z";"2025-03-17T09:58:00.000Z";"2025-03-17T00:01:00.000Z";"2781";0.3484383708;0.3746922267;0.3483820673;0.3695972498;161739587.89;1633365792.31;"2025-03-17T23:59:59.999Z"
"2025-03-16T00:00:00.000Z";"2025-03-16T23:59:59.999Z";"2025-03-16T06:46:00.000Z";"2025-03-16T23:10:00.000Z";"2781";0.3645861679;0.3649072539;0.3450990131;0.3484386502;122693159.86;1539858091.25;"2025-03-16T23:59:59.999Z"
"2025-03-15T00:00:00.000Z";"2025-03-15T23:59:59.999Z";"2025-03-15T22:10:00.000Z";"2025-03-15T01:44:00.000Z";"2781";0.3585651983;0.3697674381;0.3576820399;0.3645896539;99783262.59;1611220254.54;"2025-03-15T23:59:59.999Z"
"2025-03-14T00:00:00.000Z";"2025-03-14T23:59:59.999Z";"2025-03-14T19:22:00.000Z";"2025-03-14T00:11:00.000Z";"2781";0.3434326883;0.3660734665;0.34320057;0.3585683261;144134410.82;1584625530.62;"2025-03-14T23:59:59.999Z"
"2025-03-13T00:00:00.000Z";"2025-03-13T23:59:59.999Z";"2025-03-13T12:31:00.000Z";"2025-03-13T18:01:00.000Z";"2781";0.348536494;0.3529220949;0.3313307554;0.3434326883;156429975.81;1517736415.06;"2025-03-13T23:59:59.999Z"
"2025-03-12T00:00:00.000Z";"2025-03-12T23:59:59.999Z";"2025-03-12T12:34:00.000Z";"2025-03-12T04:41:00.000Z";"2781";0.3370991447;0.3533527261;0.326944773;0.348535136;202908009.77;1540291728.36;"2025-03-12T23:59:59.999Z"
"2025-03-11T00:00:00.000Z";"2025-03-11T23:59:59.999Z";"2025-03-11T19:52:00.000Z";"2025-03-11T00:58:00.000Z";"2781";0.3213980173;0.3463914543;0.3000126371;0.337098953;292385055.18;1489746506.2;"2025-03-11T23:59:59.999Z"
"2025-03-10T00:00:00.000Z";"2025-03-10T23:59:59.999Z";"2025-03-10T09:25:00.000Z";"2025-03-10T19:01:00.000Z";"2781";0.3487704422;0.3710143702;0.3159799115;0.3214329961;249853857.85;1420512897.97;"2025-03-10T23:59:59.999Z"
"2025-03-09T00:00:00.000Z";"2025-03-09T23:59:59.999Z";"2025-03-09T00:25:00.000Z";"2025-03-09T23:10:00.000Z";"2781";0.3973802069;0.3992242805;0.3461480799;0.3487704422;164295239.63;1541325618.46;"2025-03-09T23:59:59.999Z"
"2025-03-08T00:00:00.000Z";"2025-03-08T23:59:59.999Z";"2025-03-08T19:40:00.000Z";"2025-03-08T11:45:00.000Z";"2781";0.3945093677;0.4032899424;0.3827050812;0.3973802069;116662171.89;1756147365.21;"2025-03-08T23:59:59.999Z"
"2025-03-07T00:00:00.000Z";"2025-03-07T23:59:59.999Z";"2025-03-07T14:49:00.000Z";"2025-03-07T00:55:00.000Z";"2781";0.4041378296;0.4147071733;0.3870263724;0.3945113492;223157956.42;1743460229.36;"2025-03-07T23:59:59.999Z"
"2025-03-06T00:00:00.000Z";"2025-03-06T23:59:59.999Z";"2025-03-06T05:44:00.000Z";"2025-03-06T19:34:00.000Z";"2781";0.4167831116;0.4286310909;0.4011026091;0.4041378296;195903876.24;1786011412.46;"2025-03-06T23:59:59.999Z"
"2025-03-05T00:00:00.000Z";"2025-03-05T23:59:59.999Z";"2025-03-05T13:38:00.000Z";"2025-03-05T04:07:00.000Z";"2781";0.3797567906;0.4265485852;0.3752348095;0.4167835918;388810274.21;1841896989.02;"2025-03-05T23:59:59.999Z"
"2025-03-04T00:00:00.000Z";"2025-03-04T23:59:59.999Z";"2025-03-04T00:22:00.000Z";"2025-03-04T16:37:00.000Z";"2781";0.3916785108;0.3927623808;0.3519499477;0.3797575107;333712055.55;1678263979.2;"2025-03-04T23:59:59.999Z"
"2025-03-03T00:00:00.000Z";"2025-03-03T23:59:59.999Z";"2025-03-03T00:02:00.000Z";"2025-03-03T22:01:00.000Z";"2781";0.4627000826;0.4629464144;0.3839526249;0.3916731072;306248318.97;1730925907.73;"2025-03-03T23:59:59.999Z"
"2025-03-02T00:00:00.000Z";"2025-03-02T23:59:59.999Z";"2025-03-02T23:01:00.000Z";"2025-03-02T14:50:00.000Z";"2781";0.4177298286;0.4649855696;0.4102253633;0.462702162;293130217.53;2044816316.57;"2025-03-02T23:59:59.999Z"
"2025-03-01T00:00:00.000Z";"2025-03-01T23:59:59.999Z";"2025-03-01T04:47:00.000Z";"2025-03-01T13:56:00.000Z";"2781";0.4218502099;0.426448129;0.4034313856;0.4177298286;142438535.71;1846078705.57;"2025-03-01T23:59:59.999Z"
"2025-02-28T00:00:00.000Z";"2025-02-28T23:59:59.999Z";"2025-02-28T00:07:00.000Z";"2025-02-28T08:25:00.000Z";"2781";0.4245266981;0.4255680056;0.3839637501;0.4218483161;314422499.53;1864287958.67;"2025-02-28T23:59:59.999Z"
"2025-02-27T00:00:00.000Z";"2025-02-27T23:59:59.999Z";"2025-02-27T11:01:00.000Z";"2025-02-27T21:08:00.000Z";"2781";0.4207063556;0.4381818351;0.4125563743;0.4245266981;180914349.42;1876116196.75;"2025-02-27T23:59:59.999Z"
"2025-02-26T00:00:00.000Z";"2025-02-26T23:59:59.999Z";"2025-02-26T22:08:00.000Z";"2025-02-26T18:59:00.000Z";"2781";0.4196138372;0.4314440028;0.4039555398;0.4207040548;208963430.82;1859222740.87;"2025-02-26T23:59:59.999Z"
"2025-02-25T00:00:00.000Z";"2025-02-25T23:59:59.999Z";"2025-02-25T22:11:00.000Z";"2025-02-25T07:38:00.000Z";"2781";0.410815142;0.4264894285;0.3842379138;0.4196138372;350535261.77;1854404728.41;"2025-02-25T23:59:59.999Z"
"2025-02-24T00:00:00.000Z";"2025-02-24T23:59:59.999Z";"2025-02-24T00:17:00.000Z";"2025-02-24T23:01:00.000Z";"2781";0.4785750736;0.4809678143;0.4068088767;0.4108106444;274521240.79;1815520543.6;"2025-02-24T23:59:59.999Z"
"2025-02-23T00:00:00.000Z";"2025-02-23T23:59:59.999Z";"2025-02-23T08:10:00.000Z";"2025-02-23T03:16:00.000Z";"2781";0.4770299511;0.4900869858;0.4730187298;0.4785750736;122275827.2;2114972864.91;"2025-02-23T23:59:59.999Z"
"2025-02-22T00:00:00.000Z";"2025-02-22T23:59:59.999Z";"2025-02-22T17:38:00.000Z";"2025-02-22T00:08:00.000Z";"2781";0.4672517022;0.4861184063;0.4666090985;0.4770299511;137930537.4;2108144485.45;"2025-02-22T23:59:59.999Z"
"2025-02-21T00:00:00.000Z";"2025-02-21T23:59:59.999Z";"2025-02-21T13:49:00.000Z";"2025-02-21T19:49:00.000Z";"2781";0.4911961104;0.5094470007;0.4588074484;0.4672534869;269286353.93;2064931346.46;"2025-02-21T23:59:59.999Z"
"2025-02-20T00:00:00.000Z";"2025-02-20T23:59:59.999Z";"2025-02-20T20:28:00.000Z";"2025-02-20T00:10:00.000Z";"2781";0.4715421511;0.49559895;0.471227104;0.491197536;197746671.12;2170749172.12;"2025-02-20T23:59:59.999Z"
"2025-02-19T00:00:00.000Z";"2025-02-19T23:59:59.999Z";"2025-02-19T23:28:00.000Z";"2025-02-19T01:28:00.000Z";"2781";0.4595971856;0.4739756919;0.4522814466;0.4715455994;151621231.05;2083892181.64;"2025-02-19T23:59:59.999Z"
"2025-02-18T00:00:00.000Z";"2025-02-18T23:59:59.999Z";"2025-02-18T00:10:00.000Z";"2025-02-18T17:39:00.000Z";"2781";0.4955446721;0.4978348915;0.4404517914;0.4595892541;252923227.27;2031129786.71;"2025-02-18T23:59:59.999Z"
"2025-02-17T00:00:00.000Z";"2025-02-17T23:59:59.999Z";"2025-02-17T15:04:00.000Z";"2025-02-17T05:07:00.000Z";"2781";0.4742369926;0.5124414543;0.4694580609;0.4955408777;206581884.65;2189966825.86;"2025-02-17T23:59:59.999Z"
"2025-02-16T00:00:00.000Z";"2025-02-16T23:59:59.999Z";"2025-02-16T12:16:00.000Z";"2025-02-16T03:40:00.000Z";"2781";0.4769534367;0.4890648981;0.4720690947;0.4742369926;116855106.41;2060020323.23;"2025-02-16T23:59:59.999Z"
"2025-02-15T00:00:00.000Z";"2025-02-15T23:59:59.999Z";"2025-02-15T02:15:00.000Z";"2025-02-15T20:52:00.000Z";"2781";0.4979257557;0.4985895467;0.4721248779;0.476909263;95496885.28;2071628298.74;"2025-02-15T23:59:59.999Z"
"2025-02-14T00:00:00.000Z";"2025-02-14T23:59:59.999Z";"2025-02-14T18:14:00.000Z";"2025-02-14T00:49:00.000Z";"2781";0.4875211662;0.5105424304;0.4842968528;0.4979147067;183806257.61;2162921054.68;"2025-02-14T23:59:59.999Z"
"2025-02-13T00:00:00.000Z";"2025-02-13T23:59:59.999Z";"2025-02-13T04:06:00.000Z";"2025-02-13T18:11:00.000Z";"2781";0.493314232;0.502993881;0.4769774379;0.4875116771;179286648.14;2117724947.96;"2025-02-13T23:59:59.999Z"
"2025-02-12T00:00:00.000Z";"2025-02-12T23:59:59.999Z";"2025-02-12T22:40:00.000Z";"2025-02-12T14:33:00.000Z";"2781";0.4630545873;0.5063367213;0.4530987767;0.4933281213;272876627.42;2142949562.73;"2025-02-12T23:59:59.999Z"
"2025-02-11T00:00:00.000Z";"2025-02-11T23:59:59.999Z";"2025-02-11T08:41:00.000Z";"2025-02-11T19:42:00.000Z";"2781";0.4718772902;0.4932648605;0.4589603873;0.4630545873;176074982.59;2011445491.55;"2025-02-11T23:59:59.999Z"
"2025-02-10T00:00:00.000Z";"2025-02-10T23:59:59.999Z";"2025-02-10T20:46:00.000Z";"2025-02-10T02:37:00.000Z";"2781";0.4499565599;0.4801242139;0.4364612566;0.471891073;183140799.23;2049770100.27;"2025-02-10T23:59:59.999Z"
"2025-02-09T00:00:00.000Z";"2025-02-09T23:59:59.999Z";"2025-02-09T03:53:00.000Z";"2025-02-09T22:07:00.000Z";"2781";0.450670392;0.4666515976;0.4291792711;0.4499565599;145450875.32;1954549460.35;"2025-02-09T23:59:59.999Z"
"2025-02-08T00:00:00.000Z";"2025-02-08T23:59:59.999Z";"2025-02-08T23:43:00.000Z";"2025-02-08T07:19:00.000Z";"2781";0.43249264;0.4527192746;0.4291546909;0.4506779132;132346341.83;1957650249.14;"2025-02-08T23:59:59.999Z"
"2025-02-07T00:00:00.000Z";"2025-02-07T23:59:59.999Z";"2025-02-07T14:55:00.000Z";"2025-02-07T22:34:00.000Z";"2781";0.4458371752;0.4667373315;0.421410007;0.4324788834;263357455.5;1878688592.51;"2025-02-07T23:59:59.999Z"
"2025-02-06T00:00:00.000Z";"2025-02-06T23:59:59.999Z";"2025-02-06T07:00:00.000Z";"2025-02-06T23:44:00.000Z";"2781";0.4707829469;0.4825369241;0.4436340404;0.4458363751;294816224.77;1936651944.03;"2025-02-06T23:59:59.999Z"
"2025-02-05T00:00:00.000Z";"2025-02-05T23:59:59.999Z";"2025-02-05T11:24:00.000Z";"2025-02-05T23:36:00.000Z";"2781";0.4783526556;0.4973007899;0.466212777;0.4707928677;265400873.15;2045059518.22;"2025-02-05T23:59:59.999Z"
"2025-02-04T00:00:00.000Z";"2025-02-04T23:59:59.999Z";"2025-02-04T00:07:00.000Z";"2025-02-04T08:49:00.000Z";"2781";0.5103219245;0.5126826771;0.4530253807;0.4783770698;483060437.6;2077898197.77;"2025-02-04T23:59:59.999Z"
"2025-02-03T00:00:00.000Z";"2025-02-03T23:59:59.999Z";"2025-02-03T23:23:00.000Z";"2025-02-03T02:11:00.000Z";"2781";0.4933106046;0.5148429961;0.3721203103;0.5103219245;984250778.21;2216768308.66;"2025-02-03T23:59:59.999Z"
"2025-02-02T00:00:00.000Z";"2025-02-02T23:59:59.999Z";"2025-02-02T01:22:00.000Z";"2025-02-02T23:29:00.000Z";"2781";0.5791019807;0.5901193687;0.4720875141;0.4933146946;506308283.26;2142891238.88;"2025-02-02T23:59:59.999Z"
"2025-02-01T00:00:00.000Z";"2025-02-01T23:59:59.999Z";"2025-02-01T02:25:00.000Z";"2025-02-01T23:28:00.000Z";"2781";0.6410700297;0.6519336008;0.5734321785;0.5791019807;387234224.57;2515539420.69;"2025-02-01T23:59:59.999Z"
"2025-01-31T00:00:00.000Z";"2025-01-31T23:59:59.999Z";"2025-01-31T16:04:00.000Z";"2025-01-31T04:59:00.000Z";"2781";0.6304964812;0.6731676082;0.6156242314;0.6410613596;313864307.69;2784682447.6;"2025-01-31T23:59:59.999Z"
"2025-01-30T00:00:00.000Z";"2025-01-30T23:59:59.999Z";"2025-01-30T17:22:00.000Z";"2025-01-30T00:35:00.000Z";"2781";0.6051454223;0.6421694928;0.6006993927;0.630503299;210996523.26;2738790067.6;"2025-01-30T23:59:59.999Z"
"2025-01-29T00:00:00.000Z";"2025-01-29T23:59:59.999Z";"2025-01-29T20:34:00.000Z";"2025-01-29T00:04:00.000Z";"2781";0.5934085092;0.6249696602;0.5918202356;0.6051058643;255054551.71;2628496717.39;"2025-01-29T23:59:59.999Z"
"2025-01-28T00:00:00.000Z";"2025-01-28T23:59:59.999Z";"2025-01-28T04:40:00.000Z";"2025-01-28T22:13:00.000Z";"2781";0.6422055018;0.6521055277;0.5864529319;0.5934078232;238150104.56;2577682034.21;"2025-01-28T23:59:59.999Z"
"2025-01-27T00:00:00.000Z";"2025-01-27T23:59:59.999Z";"2025-01-27T00:00:00.000Z";"2025-01-27T07:31:00.000Z";"2781";0.6768285128;0.6768694452;0.6070936738;0.6421517684;438755135.38;2789567365.83;"2025-01-27T23:59:59.999Z"
"2025-01-26T00:00:00.000Z";"2025-01-26T23:59:59.999Z";"2025-01-26T20:16:00.000Z";"2025-01-26T23:59:00.000Z";"2781";0.7012077556;0.7161713228;0.6768285128;0.6768285128;156736166.04;2940050045.68;"2025-01-26T23:59:59.999Z"
"2025-01-25T00:00:00.000Z";"2025-01-25T23:59:59.999Z";"2025-01-25T22:22:00.000Z";"2025-01-25T01:02:00.000Z";"2781";0.6983827879;0.7111568475;0.6876701357;0.7012077556;166183657.02;3045950125.94;"2025-01-25T23:59:59.999Z"
"2025-01-24T00:00:00.000Z";"2025-01-24T23:59:59.999Z";"2025-01-24T06:02:00.000Z";"2025-01-24T23:46:00.000Z";"2781";0.7199186926;0.7403628145;0.6966777495;0.6983533747;281944431.77;3033641449.93;"2025-01-24T23:59:59.999Z"
"2025-01-23T00:00:00.000Z";"2025-01-23T23:59:59.999Z";"2025-01-23T23:43:00.000Z";"2025-01-23T13:26:00.000Z";"2781";0.7003034587;0.7228473239;0.6836012209;0.7199186926;357434534.42;3127264497.69;"2025-01-23T23:59:59.999Z"
"2025-01-22T00:00:00.000Z";"2025-01-22T23:59:59.999Z";"2025-01-22T01:01:00.000Z";"2025-01-22T23:13:00.000Z";"2781";0.7221177933;0.7366211311;0.6981540936;0.7003040811;266467188.22;3042021984.84;"2025-01-22T23:59:59.999Z"
"2025-01-21T00:00:00.000Z";"2025-01-21T23:59:59.999Z";"2025-01-21T18:43:00.000Z";"2025-01-21T04:38:00.000Z";"2781";0.6974618512;0.7469470614;0.6715817511;0.7221177933;403092626.81;3136780456.5;"2025-01-21T23:59:59.999Z"
"2025-01-20T00:00:00.000Z";"2025-01-20T23:59:59.999Z";"2025-01-20T07:10:00.000Z";"2025-01-20T01:53:00.000Z";"2781";0.6968256937;0.7563778829;0.6671537671;0.6974664077;841256343.93;3029678432.38;"2025-01-20T23:59:59.999Z"
"2025-01-19T00:00:00.000Z";"2025-01-19T23:59:59.999Z";"2025-01-19T02:46:00.000Z";"2025-01-19T23:32:00.000Z";"2781";0.7674464373;0.7925733976;0.6911141311;0.696793382;906697228.55;3026915051.54;"2025-01-19T23:59:59.999Z"
"2025-01-18T00:00:00.000Z";"2025-01-18T23:59:59.999Z";"2025-01-18T01:03:00.000Z";"2025-01-18T08:10:00.000Z";"2781";0.8165496183;0.8325558859;0.7508434397;0.7674464373;398293186.04;3333681856.67;"2025-01-18T23:59:59.999Z"
"2025-01-17T00:00:00.000Z";"2025-01-17T23:59:59.999Z";"2025-01-17T20:55:00.000Z";"2025-01-17T00:00:00.000Z";"2781";0.7572160744;0.8282733954;0.7571918886;0.8166003481;336814189.32;3546979326.68;"2025-01-17T23:59:59.999Z"
"2025-01-16T00:00:00.000Z";"2025-01-16T23:59:59.999Z";"2025-01-16T00:04:00.000Z";"2025-01-16T14:49:00.000Z";"2781";0.792561857;0.7945804454;0.749380532;0.757229801;382174485.85;3187964457.06;"2025-01-16T23:59:59.999Z"
"2025-01-15T00:00:00.000Z";"2025-01-15T23:59:59.999Z";"2025-01-15T20:24:00.000Z";"2025-01-15T11:35:00.000Z";"2781";0.7384170069;0.7963707578;0.7189570828;0.7925418296;353731817.4;3336774159.38;"2025-01-15T23:59:59.999Z"
"2025-01-14T00:00:00.000Z";"2025-01-14T23:59:59.999Z";"2025-01-14T22:58:00.000Z";"2025-01-14T01:01:00.000Z";"2781";0.7031223559;0.7437720872;0.6991653365;0.7384170069;248547163.88;3108818278.24;"2025-01-14T23:59:59.999Z"
"2025-01-13T00:00:00.000Z";"2025-01-13T23:59:59.999Z";"2025-01-13T00:43:00.000Z";"2025-01-13T14:37:00.000Z";"2781";0.7303845171;0.74762959;0.6566520475;0.7031193256;428352735.7;2960223845.61;"2025-01-13T23:59:59.999Z"
"2025-01-12T00:00:00.000Z";"2025-01-12T23:59:59.999Z";"2025-01-12T15:57:00.000Z";"2025-01-12T22:24:00.000Z";"2781";0.7435521813;0.7492652199;0.7205931847;0.7303845171;208459344.51;3075000596.72;"2025-01-12T23:59:59.999Z"
"2025-01-11T00:00:00.000Z";"2025-01-11T23:59:59.999Z";"2025-01-11T21:52:00.000Z";"2025-01-11T18:49:00.000Z";"2781";0.7484323766;0.7593164134;0.7255243285;0.7435521813;234257404.02;3130437937.36;"2025-01-11T23:59:59.999Z"
"2025-01-10T00:00:00.000Z";"2025-01-10T23:59:59.999Z";"2025-01-10T07:46:00.000Z";"2025-01-10T13:41:00.000Z";"2781";0.7431372621;0.773514768;0.7354837827;0.7484410729;405524464.63;3151020718.26;"2025-01-10T23:59:59.999Z"
"2025-01-09T00:00:00.000Z";"2025-01-09T23:59:59.999Z";"2025-01-09T01:31:00.000Z";"2025-01-09T20:26:00.000Z";"2781";0.7889074964;0.7974520626;0.733398125;0.7431388295;411400243.87;3128691080.96;"2025-01-09T23:59:59.999Z"
"2025-01-08T00:00:00.000Z";"2025-01-08T23:59:59.999Z";"2025-01-08T00:54:00.000Z";"2025-01-08T17:32:00.000Z";"2781";0.8211567407;0.829313262;0.7564431009;0.7889074964;551380005.69;3321388892.42;"2025-01-08T23:59:59.999Z"
"2025-01-07T00:00:00.000Z";"2025-01-07T23:59:59.999Z";"2025-01-07T01:55:00.000Z";"2025-01-07T22:04:00.000Z";"2781";0.9191561723;0.9203730447;0.8193162691;0.8211567407;504377813.11;3457161821.56;"2025-01-07T23:59:59.999Z"
"2025-01-06T00:00:00.000Z";"2025-01-06T23:59:59.999Z";"2025-01-06T16:17:00.000Z";"2025-01-06T01:24:00.000Z";"2781";0.916455249;0.9531483802;0.9040586319;0.9191642611;594261401.68;3869750401.41;"2025-01-06T23:59:59.999Z"
"2025-01-05T00:00:00.000Z";"2025-01-05T23:59:59.999Z";"2025-01-05T22:34:00.000Z";"2025-01-05T01:55:00.000Z";"2781";0.8957856073;0.9204839613;0.8786093993;0.916475007;483745164.18;3858462395.29;"2025-01-05T23:59:59.999Z"
"2025-01-04T00:00:00.000Z";"2025-01-04T23:59:59.999Z";"2025-01-04T22:16:00.000Z";"2025-01-04T01:19:00.000Z";"2781";0.8331420739;0.9059063985;0.8256456648;0.8957917612;561243001.12;3771357706.16;"2025-01-04T23:59:59.999Z"
"2025-01-03T00:00:00.000Z";"2025-01-03T23:59:59.999Z";"2025-01-03T21:29:00.000Z";"2025-01-03T08:36:00.000Z";"2781";0.7746566131;0.8357769799;0.7623655484;0.8331435664;348839237.33;3507621416.33;"2025-01-03T23:59:59.999Z"
"2025-01-02T00:00:00.000Z";"2025-01-02T23:59:59.999Z";"2025-01-02T13:10:00.000Z";"2025-01-02T00:01:00.000Z";"2781";0.7446839549;0.7831184298;0.7446197242;0.7746566131;310899827.76;3261391078;"2025-01-02T23:59:59.999Z"
"2025-01-01T00:00:00.000Z";"2025-01-01T23:59:59.999Z";"2025-01-01T23:01:00.000Z";"2025-01-01T09:44:00.000Z";"2781";0.7212631159;0.7481459173;0.7046710793;0.7446923153;195924019.75;3135238029.17;"2025-01-01T23:59:59.999Z"
"2024-12-31T00:00:00.000Z";"2024-12-31T23:59:59.999Z";"2024-12-31T14:28:00.000Z";"2024-12-31T01:39:00.000Z";"2781";0.7321108535;0.7553998713;0.7145015333;0.7212631159;232583951.69;3036598476.21;"2024-12-31T23:59:59.999Z"
"2024-12-30T00:00:00.000Z";"2024-12-30T23:59:59.999Z";"2024-12-30T12:28:00.000Z";"2024-12-30T16:52:00.000Z";"2781";0.7419041975;0.7690787545;0.7195315152;0.7321108535;370545833.88;3082268666.39;"2024-12-30T23:59:59.999Z"
"2024-12-29T00:00:00.000Z";"2024-12-29T23:59:59.999Z";"2024-12-29T08:04:00.000Z";"2024-12-29T22:23:00.000Z";"2781";0.7747846286;0.7804336381;0.7344990051;0.7419050685;217039067.33;3123503408.14;"2024-12-29T23:59:59.999Z"
"2024-12-28T00:00:00.000Z";"2024-12-28T23:59:59.999Z";"2024-12-28T22:55:00.000Z";"2024-12-28T07:56:00.000Z";"2781";0.7589843444;0.7786414582;0.7483328935;0.7747846286;195561897.42;3261930037.61;"2024-12-28T23:59:59.999Z"
"2024-12-27T00:00:00.000Z";"2024-12-27T23:59:59.999Z";"2024-12-27T12:40:00.000Z";"2024-12-27T00:24:00.000Z";"2781";0.7522675334;0.7930568658;0.7491881404;0.7589843444;374766344.35;3195409071.92;"2024-12-27T23:59:59.999Z"
"2024-12-26T00:00:00.000Z";"2024-12-26T23:59:59.999Z";"2024-12-26T00:20:00.000Z";"2024-12-26T17:37:00.000Z";"2781";0.8049625679;0.808774165;0.7396633989;0.7522714513;320021376.14;3167147040.4;"2024-12-26T23:59:59.999Z"
"2024-12-25T00:00:00.000Z";"2024-12-25T23:59:59.999Z";"2024-12-25T10:25:00.000Z";"2024-12-25T16:41:00.000Z";"2781";0.8179188037;0.8205730608;0.7884001646;0.8049625679;306585426.16;3388982541.09;"2024-12-25T23:59:59.999Z"
"2024-12-24T00:00:00.000Z";"2024-12-24T23:59:59.999Z";"2024-12-24T15:47:00.000Z";"2024-12-24T02:22:00.000Z";"2781";0.7985442882;0.8350088639;0.7815641858;0.8179055025;380296823.27;3443529744.26;"2024-12-24T23:59:59.999Z"
"2024-12-23T00:00:00.000Z";"2024-12-23T23:59:59.999Z";"2024-12-23T21:29:00.000Z";"2024-12-23T01:22:00.000Z";"2781";0.7455993676;0.8140348583;0.727760688;0.7985442882;540138276.37;3361960864.66;"2024-12-23T23:59:59.999Z"
"2024-12-22T00:00:00.000Z";"2024-12-22T23:59:59.999Z";"2024-12-22T13:46:00.000Z";"2024-12-22T20:12:00.000Z";"2781";0.7452013733;0.769100662;0.7221297483;0.7455775031;422422984.8;3139056820.93;"2024-12-22T23:59:59.999Z"
"2024-12-21T00:00:00.000Z";"2024-12-21T23:59:59.999Z";"2024-12-21T07:43:00.000Z";"2024-12-21T19:39:00.000Z";"2781";0.795724441;0.8452361297;0.7334762172;0.7452047746;564577230.21;3137395540.31;"2024-12-21T23:59:59.999Z"
"2024-12-20T00:00:00.000Z";"2024-12-20T23:59:59.999Z";"2024-12-20T02:45:00.000Z";"2024-12-20T12:02:00.000Z";"2781";0.7823103673;0.8117188808;0.6709926537;0.795724441;926773257.5;3350088992.11;"2024-12-20T23:59:59.999Z"
"2024-12-19T00:00:00.000Z";"2024-12-19T23:59:59.999Z";"2024-12-19T10:51:00.000Z";"2024-12-19T20:14:00.000Z";"2781";0.8613515627;0.8695445709;0.7581503382;0.7823133147;906607658.25;3293626648.86;"2024-12-19T23:59:59.999Z"
"2024-12-18T00:00:00.000Z";"2024-12-18T23:59:59.999Z";"2024-12-18T01:22:00.000Z";"2024-12-18T23:51:00.000Z";"2781";0.9460074722;0.9539357325;0.8604063815;0.8613564014;765260693.59;3626406894.32;"2024-12-18T23:59:59.999Z"
"2024-12-17T00:00:00.000Z";"2024-12-17T23:59:59.999Z";"2024-12-17T03:31:00.000Z";"2024-12-17T23:13:00.000Z";"2781";1.0037185764;1.0126011939;0.9358833138;0.945994125;655970938.57;3982797380.37;"2024-12-17T23:59:59.999Z"
"2024-12-16T00:00:00.000Z";"2024-12-16T23:59:59.999Z";"2024-12-16T01:24:00.000Z";"2024-12-16T13:08:00.000Z";"2781";1.0156060266;1.052049881;0.9664334868;1.0037185764;825100037.24;4112596162.47;"2024-12-16T23:59:59.999Z"
"2024-12-15T00:00:00.000Z";"2024-12-15T23:59:59.999Z";"2024-12-15T23:55:00.000Z";"2024-12-15T07:46:00.000Z";"2781";0.9850837768;1.0195302661;0.9584829031;1.0155848205;504397403.73;4161303323.36;"2024-12-15T23:59:59.999Z"
"2024-12-14T00:00:00.000Z";"2024-12-14T23:59:59.999Z";"2024-12-14T01:27:00.000Z";"2024-12-14T19:20:00.000Z";"2781";1.0333684838;1.0499956949;0.959291076;0.985088011;528648303.79;4036260032.46;"2024-12-14T23:59:59.999Z"
"2024-12-13T00:00:00.000Z";"2024-12-13T23:59:59.999Z";"2024-12-13T05:22:00.000Z";"2024-12-13T01:25:00.000Z";"2781";1.0273815849;1.0733708634;1.0032698875;1.0183992438;795968946.21;4172656487.79;"2024-12-13T23:59:59.999Z"
"2024-12-12T00:00:00.000Z";"2024-12-12T23:59:59.999Z";"2024-12-12T15:08:00.000Z";"2024-12-12T00:07:00.000Z";"2781";1.0001564678;1.0980942892;0.9955998571;1.0273219383;970163392.02;4209307629.15;"2024-12-12T23:59:59.999Z"
"2024-12-11T00:00:00.000Z";"2024-12-11T23:59:59.999Z";"2024-12-11T16:28:00.000Z";"2024-12-11T02:04:00.000Z";"2781";0.9393763925;1.0200539071;0.8950748106;1.0001539187;744323119.14;4098000921.81;"2024-12-11T23:59:59.999Z"
"2024-12-10T00:00:00.000Z";"2024-12-10T23:59:59.999Z";"2024-12-10T10:19:00.000Z";"2024-12-10T18:13:00.000Z";"2781";0.9639961836;1.0121692224;0.8790175798;0.9393523646;1232772756.85;3848963083.52;"2024-12-10T23:59:59.999Z"
"2024-12-09T00:00:00.000Z";"2024-12-09T23:59:59.999Z";"2024-12-09T00:01:00.000Z";"2024-12-09T21:07:00.000Z";"2781";1.1607012596;1.1607051455;0.8797816875;0.96399555;1258166294.07;3949836630.35;"2024-12-09T23:59:59.999Z"
"2024-12-08T00:00:00.000Z";"2024-12-08T23:59:59.999Z";"2024-12-08T01:16:00.000Z";"2024-12-08T09:58:00.000Z";"2781";1.1803906617;1.1861562019;1.1326092618;1.1587814769;492513402.24;4747994818.23;"2024-12-08T23:59:59.999Z"
"2024-12-07T00:00:00.000Z";"2024-12-07T23:59:59.999Z";"2024-12-07T03:55:00.000Z";"2024-12-07T10:57:00.000Z";"2781";1.1758612521;1.185660354;1.153917582;1.1661767378;549433624.31;4778245705.03;"2024-12-07T23:59:59.999Z"
"2024-12-06T00:00:00.000Z";"2024-12-06T23:59:59.999Z";"2024-12-06T17:46:00.000Z";"2024-12-06T00:13:00.000Z";"2781";1.1026881187;1.237896783;1.0962873025;1.1758612521;1167848499.61;4817926644.87;"2024-12-06T23:59:59.999Z"
"2024-12-05T00:00:00.000Z";"2024-12-05T23:59:59.999Z";"2024-12-05T14:13:00.000Z";"2024-12-05T01:28:00.000Z";"2781";1.1348318265;1.1594177898;1.077220343;1.1056494305;1115810108.44;4530597605.76;"2024-12-05T23:59:59.999Z"
"2024-12-04T00:00:00.000Z";"2024-12-04T23:59:59.999Z";"2024-12-04T20:17:00.000Z";"2024-12-04T00:01:00.000Z";"2781";1.047351984;1.1879487302;1.0465845761;1.134825625;1477879970.7;4649814324.98;"2024-12-04T23:59:59.999Z"
"2024-12-03T00:00:00.000Z";"2024-12-03T23:59:59.999Z";"2024-12-03T06:40:00.000Z";"2024-12-03T14:37:00.000Z";"2781";1.0262417864;1.0833888233;0.9786541583;1.0472231064;1244795196.53;4291377933.46;"2024-12-03T23:59:59.999Z"
"2024-12-02T00:00:00.000Z";"2024-12-02T23:59:59.999Z";"2024-12-02T21:19:00.000Z";"2024-12-02T11:01:00.000Z";"2781";0.9684194501;1.0464100811;0.9040896291;1.0262279243;1245832171.74;4204825060.26;"2024-12-02T23:59:59.999Z"
"2024-12-01T00:00:00.000Z";"2024-12-01T23:59:59.999Z";"2024-12-01T15:40:00.000Z";"2024-12-01T02:43:00.000Z";"2781";0.9734615275;0.9948809617;0.9451209227;0.9702760046;607850566.58;3975569912.46;"2024-12-01T23:59:59.999Z"
"2024-11-30T00:00:00.000Z";"2024-11-30T23:59:59.999Z";"2024-11-30T23:11:00.000Z";"2024-11-30T01:07:00.000Z";"2781";0.9301580733;0.9861842278;0.9220169854;0.9734615275;741720993.31;3988622146.11;"2024-11-30T23:59:59.999Z"
"2024-11-29T00:00:00.000Z";"2024-11-29T23:59:59.999Z";"2024-11-29T15:16:00.000Z";"2024-11-29T08:01:00.000Z";"2781";0.9145272637;0.9398911506;0.893661279;0.9301708005;463872231.98;3811192312.89;"2024-11-29T23:59:59.999Z"
"2024-11-28T00:00:00.000Z";"2024-11-28T23:59:59.999Z";"2024-11-28T00:49:00.000Z";"2024-11-28T15:56:00.000Z";"2781";0.9700854256;0.978999032;0.8897568346;0.9145269685;786655946.67;3747146052.4;"2024-11-28T23:59:59.999Z"
"2024-11-27T00:00:00.000Z";"2024-11-27T23:59:59.999Z";"2024-11-27T23:43:00.000Z";"2024-11-27T01:07:00.000Z";"2781";0.870535352;0.9733141197;0.8508479371;0.9700935946;1061106810.27;3974789041.78;"2024-11-27T23:59:59.999Z"
"2024-11-26T00:00:00.000Z";"2024-11-26T23:59:59.999Z";"2024-11-26T06:40:00.000Z";"2024-11-26T18:38:00.000Z";"2781";0.9053714348;0.9233623246;0.8327598617;0.8705353534;1038503484.63;3566896570.38;"2024-11-26T23:59:59.999Z"
"2024-11-25T00:00:00.000Z";"2024-11-25T23:59:59.999Z";"2024-11-25T21:03:00.000Z";"2024-11-25T01:27:00.000Z";"2781";0.8615898504;0.9520722697;0.8275879099;0.9053714348;1557056864.77;3709632536.52;"2024-11-25T23:59:59.999Z"
"2024-11-24T00:00:00.000Z";"2024-11-24T23:59:59.999Z";"2024-11-24T04:10:00.000Z";"2024-11-24T16:02:00.000Z";"2781";0.8556235041;0.9099273643;0.7992659698;0.8615773288;1054360538.09;3529562665.56;"2024-11-24T23:59:59.999Z"
"2024-11-23T00:00:00.000Z";"2024-11-23T23:59:59.999Z";"2024-11-23T14:12:00.000Z";"2024-11-23T00:10:00.000Z";"2781";0.8100098958;0.8790945213;0.8015147714;0.8556235041;1233139621.6;3505797364.29;"2024-11-23T23:59:59.999Z"
"2024-11-22T00:00:00.000Z";"2024-11-22T23:59:59.999Z";"2024-11-22T12:40:00.000Z";"2024-11-22T01:07:00.000Z";"2781";0.7802154857;0.8381445627;0.7573249684;0.8100098958;1016831920.45;3318901998.54;"2024-11-22T23:59:59.999Z"
"2024-11-21T00:00:00.000Z";"2024-11-21T23:59:59.999Z";"2024-11-21T14:12:00.000Z";"2024-11-21T02:46:00.000Z";"2781";0.671609607;0.8172197737;0.652397482;0.7802171899;1324694956.24;3196830562.3;"2024-11-21T23:59:59.999Z"
"2024-11-20T00:00:00.000Z";"2024-11-20T23:59:59.999Z";"2024-11-20T14:14:00.000Z";"2024-11-20T19:27:00.000Z";"2781";0.6930402172;0.7109589128;0.6504454737;0.6716093767;525441389.29;2751826216.62;"2024-11-20T23:59:59.999Z"
"2024-11-19T00:00:00.000Z";"2024-11-19T23:59:59.999Z";"2024-11-19T00:05:00.000Z";"2024-11-19T21:26:00.000Z";"2781";0.737804362;0.7525438313;0.6771712233;0.6930424225;548549191.81;2839635137.6;"2024-11-19T23:59:59.999Z"
"2024-11-18T00:00:00.000Z";"2024-11-18T23:59:59.999Z";"2024-11-18T23:53:00.000Z";"2024-11-18T00:14:00.000Z";"2781";0.6738998057;0.7480617706;0.6725569886;0.7377140755;742278289.9;3023049945.56;"2024-11-18T23:59:59.999Z"
"2024-11-17T00:00:00.000Z";"2024-11-17T23:59:59.999Z";"2024-11-17T00:33:00.000Z";"2024-11-17T22:07:00.000Z";"2781";0.7247308866;0.730134409;0.6617263367;0.6738998057;650650772.69;2761209984.57;"2024-11-17T23:59:59.999Z"
"2024-11-16T00:00:00.000Z";"2024-11-16T23:59:59.999Z";"2024-11-16T22:36:00.000Z";"2024-11-16T00:16:00.000Z";"2781";0.6063229091;0.7598370546;0.6033723906;0.7247251327;946641087.47;2881101732.58;"2024-11-16T23:59:59.999Z"
"2024-11-15T00:00:00.000Z";"2024-11-15T23:59:59.999Z";"2024-11-15T22:46:00.000Z";"2024-11-15T04:54:00.000Z";"2781";0.5793991076;0.6128618157;0.5679372187;0.6086714511;404578180.92;2419686943.49;"2024-11-15T23:59:59.999Z"
"2024-11-14T00:00:00.000Z";"2024-11-14T23:59:59.999Z";"2024-11-14T06:29:00.000Z";"2024-11-14T23:43:00.000Z";"2781";0.6120939988;0.6350653162;0.5740525248;0.5793913848;546688272.43;2303317760.32;"2024-11-14T23:59:59.999Z"
"2024-11-13T00:00:00.000Z";"2024-11-13T23:59:59.999Z";"2024-11-13T18:31:00.000Z";"2024-11-13T06:40:00.000Z";"2781";0.6326399448;0.6435790443;0.5726133414;0.6120939988;840465141.33;2433324028.28;"2024-11-13T23:59:59.999Z"
"2024-11-12T00:00:00.000Z";"2024-11-12T23:59:59.999Z";"2024-11-12T09:08:00.000Z";"2024-11-12T13:54:00.000Z";"2781";0.6713161323;0.6886435082;0.6064290767;0.6327635362;1022923263.28;2515002568.14;"2024-11-12T23:59:59.999Z"
"2024-11-11T00:00:00.000Z";"2024-11-11T23:59:59.999Z";"2024-11-11T23:59:00.000Z";"2024-11-11T05:58:00.000Z";"2781";0.6301124726;0.6713349884;0.6127815948;0.6713161323;739291311.06;2668756234.3;"2024-11-11T23:59:59.999Z"
"2024-11-10T00:00:00.000Z";"2024-11-10T23:59:59.999Z";"2024-11-10T17:54:00.000Z";"2024-11-10T21:14:00.000Z";"2781";0.6204214986;0.654336437;0.599343831;0.6301232418;629421009.13;2504954832.35;"2024-11-10T23:59:59.999Z"
"2024-11-09T00:00:00.000Z";"2024-11-09T23:59:59.999Z";"2024-11-09T23:38:00.000Z";"2024-11-09T03:56:00.000Z";"2781";0.591891245;0.622198329;0.5800135721;0.6204094885;334089958.32;2466429246.53;"2024-11-09T23:59:59.999Z"
"2024-11-08T00:00:00.000Z";"2024-11-08T23:59:59.999Z";"2024-11-08T22:07:00.000Z";"2024-11-08T07:17:00.000Z";"2781";0.5810038343;0.5977989325;0.5672764201;0.593291403;327962774.39;2358560351.71;"2024-11-08T23:59:59.999Z"
"2024-11-07T00:00:00.000Z";"2024-11-07T23:59:59.999Z";"2024-11-07T03:01:00.000Z";"2024-11-07T00:52:00.000Z";"2781";0.5489873373;0.5913442995;0.5465975757;0.5791911522;442476744.19;2302574369.71;"2024-11-07T23:59:59.999Z"
"2024-11-06T00:00:00.000Z";"2024-11-06T23:59:59.999Z";"2024-11-06T22:58:00.000Z";"2024-11-06T00:01:00.000Z";"2781";0.4907772011;0.5550124049;0.4906748906;0.5549529872;389306832.51;2206193667.52;"2024-11-06T23:59:59.999Z"
"2024-11-05T00:00:00.000Z";"2024-11-05T23:59:59.999Z";"2024-11-05T17:16:00.000Z";"2024-11-05T01:37:00.000Z";"2781";0.47302847;0.4960170287;0.4729289406;0.4907772011;153597673.16;1951040131.65;"2024-11-05T23:59:59.999Z"
"2024-11-04T00:00:00.000Z";"2024-11-04T23:59:59.999Z";"2024-11-04T03:05:00.000Z";"2024-11-04T21:59:00.000Z";"2781";0.4822740616;0.4903031648;0.4607265143;0.47302847;166293936.44;1880481665.35;"2024-11-04T23:59:59.999Z"
"2024-11-03T00:00:00.000Z";"2024-11-03T23:59:59.999Z";"2024-11-03T00:16:00.000Z";"2024-11-03T15:10:00.000Z";"2781";0.5038741243;0.5050816747;0.4615371876;0.4821620724;241028554.08;1916735807.66;"2024-11-03T23:59:59.999Z"
"2024-11-02T00:00:00.000Z";"2024-11-02T23:59:59.999Z";"2024-11-02T02:31:00.000Z";"2024-11-02T18:24:00.000Z";"2781";0.5194082096;0.5252714622;0.5014492167;0.5038741243;104413683.73;2003105759;"2024-11-02T23:59:59.999Z"
"2024-11-01T00:00:00.000Z";"2024-11-01T23:59:59.999Z";"2024-11-01T14:22:00.000Z";"2024-11-01T21:38:00.000Z";"2781";0.526583686;0.5438466333;0.5118823449;0.5194065073;180473080.79;2064860102.36;"2024-11-01T23:59:59.999Z"
"2024-10-31T00:00:00.000Z";"2024-10-31T23:59:59.999Z";"2024-10-31T00:11:00.000Z";"2024-10-31T20:03:00.000Z";"2781";0.5576542423;0.5604719444;0.5198084936;0.526583686;171655238.19;2093385556.19;"2024-10-31T23:59:59.999Z"
"2024-10-30T00:00:00.000Z";"2024-10-30T23:59:59.999Z";"2024-10-30T15:07:00.000Z";"2024-10-30T01:19:00.000Z";"2781";0.5466985431;0.5685580972;0.5395008237;0.5576550901;246462528.44;2216903727.15;"2024-10-30T23:59:59.999Z"
"2024-10-29T00:00:00.000Z";"2024-10-29T23:59:59.999Z";"2024-10-29T17:38:00.000Z";"2024-10-29T00:12:00.000Z";"2781";0.5225036604;0.5495253452;0.5212625154;0.5466957656;184810691.71;2173350341.45;"2024-10-29T23:59:59.999Z"
"2024-10-28T00:00:00.000Z";"2024-10-28T23:59:59.999Z";"2024-10-28T22:11:00.000Z";"2024-10-28T17:10:00.000Z";"2781";0.5195371054;0.5283378015;0.5051473076;0.5225036604;197781846.71;2077165785.59;"2024-10-28T23:59:59.999Z"
"2024-10-27T00:00:00.000Z";"2024-10-27T23:59:59.999Z";"2024-10-27T22:16:00.000Z";"2024-10-27T11:12:00.000Z";"2781";0.5138022536;0.5233031018;0.5066379835;0.5195290528;98433223.47;2065372515.93;"2024-10-27T23:59:59.999Z"
"2024-10-26T00:00:00.000Z";"2024-10-26T23:59:59.999Z";"2024-10-26T20:26:00.000Z";"2024-10-26T00:07:00.000Z";"2781";0.5065349074;0.5183173088;0.4978744016;0.5138022536;174478632.7;2042574134.1;"2024-10-26T23:59:59.999Z"
"2024-10-25T00:00:00.000Z";"2024-10-25T23:59:59.999Z";"2024-10-25T00:23:00.000Z";"2024-10-25T23:26:00.000Z";"2781";0.5608476299;0.5614246843;0.4931601484;0.506529563;328535593.03;2013683460.08;"2024-10-25T23:59:59.999Z"
"2024-10-24T00:00:00.000Z";"2024-10-24T23:59:59.999Z";"2024-10-24T21:26:00.000Z";"2024-10-24T09:07:00.000Z";"2781";0.5596111902;0.5687409907;0.5522670019;0.5620427051;148033111.76;2234349661.77;"2024-10-24T23:59:59.999Z"
"2024-10-23T00:00:00.000Z";"2024-10-23T23:59:59.999Z";"2024-10-23T00:11:00.000Z";"2024-10-23T18:08:00.000Z";"2781";0.5790206498;0.5802720642;0.5439753584;0.5571934048;196676049.43;2215071709.63;"2024-10-23T23:59:59.999Z"
"2024-10-22T00:00:00.000Z";"2024-10-22T23:59:59.999Z";"2024-10-22T06:48:00.000Z";"2024-10-22T17:01:00.000Z";"2781";0.5882247174;0.5996483564;0.5732260405;0.5790207228;186887994.78;2301843937.01;"2024-10-22T23:59:59.999Z"
"2024-10-21T00:00:00.000Z";"2024-10-21T23:59:59.999Z";"2024-10-21T00:32:00.000Z";"2024-10-21T16:37:00.000Z";"2781";0.6118647366;0.6158497057;0.5807863372;0.5882247174;213856945.39;2338433870.69;"2024-10-21T23:59:59.999Z"
"2024-10-20T00:00:00.000Z";"2024-10-20T23:59:59.999Z";"2024-10-20T14:23:00.000Z";"2024-10-20T03:09:00.000Z";"2781";0.566806615;0.6171139517;0.5617919395;0.6135172914;288276920.99;2219061621.75;"2024-10-20T23:59:59.999Z"
"2024-10-19T00:00:00.000Z";"2024-10-19T23:59:59.999Z";"2024-10-19T03:20:00.000Z";"2024-10-19T13:46:00.000Z";"2781";0.5637899017;0.5715533392;0.5568393204;0.566806615;114025111.66;2050189582.18;"2024-10-19T23:59:59.999Z"
"2024-10-18T00:00:00.000Z";"2024-10-18T23:59:59.999Z";"2024-10-18T18:47:00.000Z";"2024-10-18T01:02:00.000Z";"2781";0.5464400451;0.5715098994;0.5442662508;0.5637899017;158642622.33;2039277863.69;"2024-10-18T23:59:59.999Z"
"2024-10-17T00:00:00.000Z";"2024-10-17T23:59:59.999Z";"2024-10-17T02:01:00.000Z";"2024-10-17T18:14:00.000Z";"2781";0.5578621894;0.5653497976;0.5422558826;0.5464472205;184998438.57;1976521900.31;"2024-10-17T23:59:59.999Z"
"2024-10-16T00:00:00.000Z";"2024-10-16T23:59:59.999Z";"2024-10-16T06:16:00.000Z";"2024-10-16T19:07:00.000Z";"2781";0.5675371483;0.5827054073;0.5562452947;0.5578621894;295652802.82;2017836805.12;"2024-10-16T23:59:59.999Z"
"2024-10-15T00:00:00.000Z";"2024-10-15T23:59:59.999Z";"2024-10-15T14:03:00.000Z";"2024-10-15T15:11:00.000Z";"2781";0.5642549169;0.5793722092;0.5461330569;0.5675371483;355138632.72;2052831985.59;"2024-10-15T23:59:59.999Z"
"2024-10-14T00:00:00.000Z";"2024-10-14T23:59:59.999Z";"2024-10-14T23:03:00.000Z";"2024-10-14T03:00:00.000Z";"2781";0.5279314475;0.5674940641;0.5209390577;0.5642549169;271588004.06;2040959865.09;"2024-10-14T23:59:59.999Z"
"2024-10-13T00:00:00.000Z";"2024-10-13T23:59:59.999Z";"2024-10-13T10:40:00.000Z";"2024-10-13T18:16:00.000Z";"2781";0.5382673073;0.5389733792;0.518641576;0.5279323246;210175863.1;1909574668.15;"2024-10-13T23:59:59.999Z"
"2024-10-12T00:00:00.000Z";"2024-10-12T23:59:59.999Z";"2024-10-12T16:34:00.000Z";"2024-10-12T03:30:00.000Z";"2781";0.5335818526;0.5442446656;0.5295066618;0.5382673073;190534463.31;1946960385.84;"2024-10-12T23:59:59.999Z"
"2024-10-11T00:00:00.000Z";"2024-10-11T23:59:59.999Z";"2024-10-11T19:22:00.000Z";"2024-10-11T01:40:00.000Z";"2781";0.5249234689;0.541976866;0.5233436645;0.5335818526;181080426.09;1930012682.56;"2024-10-11T23:59:59.999Z"
"2024-10-10T00:00:00.000Z";"2024-10-10T23:59:59.999Z";"2024-10-10T07:01:00.000Z";"2024-10-10T18:28:00.000Z";"2781";0.5212778603;0.5289020368;0.5070432727;0.5249234689;177324525.55;1898694543.91;"2024-10-10T23:59:59.999Z"
"2024-10-09T00:00:00.000Z";"2024-10-09T23:59:59.999Z";"2024-10-09T01:38:00.000Z";"2024-10-09T21:03:00.000Z";"2781";0.540216865;0.5477711247;0.5159225509;0.5209678679;176950977.38;1884308885.36;"2024-10-09T23:59:59.999Z"
"2024-10-08T00:00:00.000Z";"2024-10-08T23:59:59.999Z";"2024-10-08T04:33:00.000Z";"2024-10-08T15:37:00.000Z";"2781";0.549896388;0.5567396177;0.5355697505;0.5410837447;204361605.84;1957199007.3;"2024-10-08T23:59:59.999Z"
"2024-10-07T00:00:00.000Z";"2024-10-07T23:59:59.999Z";"2024-10-07T02:10:00.000Z";"2024-10-07T23:59:00.000Z";"2781";0.5588163777;0.574079447;0.5498461767;0.549896388;221826169.18;1989023797.69;"2024-10-07T23:59:59.999Z"
"2024-10-06T00:00:00.000Z";"2024-10-06T23:59:59.999Z";"2024-10-06T15:02:00.000Z";"2024-10-06T00:46:00.000Z";"2781";0.5504564986;0.5627683904;0.5483497197;0.5588163777;125158851.08;2021288188.32;"2024-10-06T23:59:59.999Z"
"2024-10-05T00:00:00.000Z";"2024-10-05T23:59:59.999Z";"2024-10-05T01:03:00.000Z";"2024-10-05T20:55:00.000Z";"2781";0.5649826772;0.5692639844;0.543191967;0.5504564986;130129671.31;1991049767.23;"2024-10-05T23:59:59.999Z"
"2024-10-04T00:00:00.000Z";"2024-10-04T23:59:59.999Z";"2024-10-04T21:13:00.000Z";"2024-10-04T01:01:00.000Z";"2781";0.5333037941;0.5675063116;0.5322200853;0.5649826772;203466527.48;2043592238.27;"2024-10-04T23:59:59.999Z"
"2024-10-03T00:00:00.000Z";"2024-10-03T23:59:59.999Z";"2024-10-03T04:50:00.000Z";"2024-10-03T15:32:00.000Z";"2781";0.5321840742;0.543170754;0.5158072519;0.5332888574;268140133.09;1929006920.46;"2024-10-03T23:59:59.999Z"
"2024-10-02T00:00:00.000Z";"2024-10-02T23:59:59.999Z";"2024-10-02T07:49:00.000Z";"2024-10-02T19:09:00.000Z";"2781";0.5513828002;0.5625903992;0.5267575232;0.5321826625;284134740.77;1924956794.79;"2024-10-02T23:59:59.999Z"
"2024-10-01T00:00:00.000Z";"2024-10-01T23:59:59.999Z";"2024-10-01T07:43:00.000Z";"2024-10-01T17:23:00.000Z";"2781";0.6043402746;0.6288977524;0.5387293646;0.5514007107;382598010.15;1994400282.13;"2024-10-01T23:59:59.999Z"
"2024-09-30T00:00:00.000Z";"2024-09-30T23:59:59.999Z";"2024-09-30T01:08:00.000Z";"2024-09-30T23:44:00.000Z";"2781";0.6462873099;0.6528940086;0.6001150942;0.6043402746;273559772.23;2185952143.76;"2024-09-30T23:59:59.999Z"
"2024-09-29T00:00:00.000Z";"2024-09-29T23:59:59.999Z";"2024-09-29T20:08:00.000Z";"2024-09-29T13:04:00.000Z";"2781";0.6481626546;0.65667383;0.6335172357;0.6463067512;197382885.36;2337678274.81;"2024-09-29T23:59:59.999Z"
"2024-09-28T00:00:00.000Z";"2024-09-28T23:59:59.999Z";"2024-09-28T03:14:00.000Z";"2024-09-28T09:10:00.000Z";"2781";0.6679071574;0.6719498592;0.6356235451;0.6481781565;207665522.64;2344517634.1;"2024-09-28T23:59:59.999Z"
"2024-09-27T00:00:00.000Z";"2024-09-27T23:59:59.999Z";"2024-09-27T22:41:00.000Z";"2024-09-27T00:13:00.000Z";"2781";0.6197604206;0.6792465094;0.61893213;0.667941559;321644526.61;2415879172.66;"2024-09-27T23:59:59.999Z"
"2024-09-26T00:00:00.000Z";"2024-09-26T23:59:59.999Z";"2024-09-26T16:43:00.000Z";"2024-09-26T01:40:00.000Z";"2781";0.5983467286;0.6431600285;0.588411873;0.6197604206;307177773.03;2241728173.45;"2024-09-26T23:59:59.999Z"
"2024-09-25T00:00:00.000Z";"2024-09-25T23:59:59.999Z";"2024-09-25T03:24:00.000Z";"2024-09-25T23:46:00.000Z";"2781";0.6146362418;0.6324866106;0.5966753523;0.5983467286;258446315.79;2164272958.47;"2024-09-25T23:59:59.999Z"
"2024-09-24T00:00:00.000Z";"2024-09-24T23:59:59.999Z";"2024-09-24T23:05:00.000Z";"2024-09-24T14:38:00.000Z";"2781";0.5995363506;0.6172405383;0.5862058051;0.6146362418;226830726.36;2223193566.23;"2024-09-24T23:59:59.999Z"
"2024-09-23T00:00:00.000Z";"2024-09-23T23:59:59.999Z";"2024-09-23T03:30:00.000Z";"2024-09-23T00:19:00.000Z";"2781";0.6005762773;0.6225215644;0.592192223;0.5995363506;215736998.66;2168575926.5;"2024-09-23T23:59:59.999Z"
"2024-09-22T00:00:00.000Z";"2024-09-22T23:59:59.999Z";"2024-09-22T00:11:00.000Z";"2024-09-22T22:09:00.000Z";"2781";0.6166516152;0.6210830451;0.5843244286;0.6005762773;179761436.56;2172337433.11;"2024-09-22T23:59:59.999Z"
"2024-09-21T00:00:00.000Z";"2024-09-21T23:59:59.999Z";"2024-09-21T19:21:00.000Z";"2024-09-21T04:46:00.000Z";"2781";0.5761595819;0.6204446697;0.5675346874;0.6166516152;211150870.73;2230483350.06;"2024-09-21T23:59:59.999Z"
"2024-09-20T00:00:00.000Z";"2024-09-20T23:59:59.999Z";"2024-09-20T05:22:00.000Z";"2024-09-20T01:12:00.000Z";"2781";0.5573518666;0.5877704406;0.550630453;0.5761710105;203176352.55;2084020089.52;"2024-09-20T23:59:59.999Z"
"2024-09-19T00:00:00.000Z";"2024-09-19T23:59:59.999Z";"2024-09-19T16:34:00.000Z";"2024-09-19T00:00:00.000Z";"2781";0.5274663976;0.5806868783;0.5274663976;0.5573518666;228951083.66;2015990922.45;"2024-09-19T23:59:59.999Z"
"2024-09-18T00:00:00.000Z";"2024-09-18T23:59:59.999Z";"2024-09-18T23:59:00.000Z";"2024-09-18T16:06:00.000Z";"2781";0.5221121252;0.527502431;0.5024969805;0.5274663976;163161536.75;1907892541.62;"2024-09-18T23:59:59.999Z"
"2024-09-17T00:00:00.000Z";"2024-09-17T23:59:59.999Z";"2024-09-17T15:22:00.000Z";"2024-09-17T01:19:00.000Z";"2781";0.5106791887;0.5304389907;0.5053881121;0.5221121252;151457801.43;1888525665.77;"2024-09-17T23:59:59.999Z"
"2024-09-16T00:00:00.000Z";"2024-09-16T23:59:59.999Z";"2024-09-16T08:28:00.000Z";"2024-09-16T14:37:00.000Z";"2781";0.5119568656;0.5168186803;0.4987708628;0.5106794057;140137130.19;1785400431.98;"2024-09-16T23:59:59.999Z"
"2024-09-15T00:00:00.000Z";"2024-09-15T23:59:59.999Z";"2024-09-15T08:52:00.000Z";"2024-09-15T23:13:00.000Z";"2781";0.5309543139;0.5400766736;0.5109624589;0.5119568656;114246289.04;1789867355.74;"2024-09-15T23:59:59.999Z"
"2024-09-14T00:00:00.000Z";"2024-09-14T23:59:59.999Z";"2024-09-14T03:29:00.000Z";"2024-09-14T18:11:00.000Z";"2781";0.5375464004;0.5394675224;0.5273014651;0.5309543139;77407193.28;1856284889.8;"2024-09-14T23:59:59.999Z"
"2024-09-13T00:00:00.000Z";"2024-09-13T23:59:59.999Z";"2024-09-13T22:22:00.000Z";"2024-09-13T05:02:00.000Z";"2781";0.5248727769;0.539977804;0.5164133552;0.5375464004;139214126.24;1879331676.1;"2024-09-13T23:59:59.999Z"
"2024-09-12T00:00:00.000Z";"2024-09-12T23:59:59.999Z";"2024-09-12T04:29:00.000Z";"2024-09-12T15:52:00.000Z";"2781";0.5148781989;0.5264192694;0.5112903855;0.5248727769;115842285.01;1835023050.56;"2024-09-12T23:59:59.999Z"
"2024-09-11T00:00:00.000Z";"2024-09-11T23:59:59.999Z";"2024-09-11T00:00:00.000Z";"2024-09-11T14:02:00.000Z";"2781";0.5340181332;0.5340181332;0.5025157956;0.5148781989;162649175.19;1800080714.36;"2024-09-11T23:59:59.999Z"
"2024-09-10T00:00:00.000Z";"2024-09-10T23:59:59.999Z";"2024-09-10T17:13:00.000Z";"2024-09-10T04:41:00.000Z";"2781";0.5239532397;0.5400892589;0.5164484652;0.5340185268;140255493.22;1866997774;"2024-09-10T23:59:59.999Z"
"2024-09-09T00:00:00.000Z";"2024-09-09T23:59:59.999Z";"2024-09-09T21:21:00.000Z";"2024-09-09T05:55:00.000Z";"2781";0.5085436555;0.5307421308;0.506204967;0.5239559923;151008886.43;1831808229.54;"2024-09-09T23:59:59.999Z"
"2024-09-08T00:00:00.000Z";"2024-09-08T23:59:59.999Z";"2024-09-08T22:31:00.000Z";"2024-09-08T16:17:00.000Z";"2781";0.5009494129;0.5151197651;0.4973666017;0.5085436555;105299201.38;1777934331.96;"2024-09-08T23:59:59.999Z"
"2024-09-07T00:00:00.000Z";"2024-09-07T23:59:59.999Z";"2024-09-07T15:31:00.000Z";"2024-09-07T00:02:00.000Z";"2781";0.4806641181;0.5046192091;0.4805098904;0.5009494129;113333380.84;1751383878.7;"2024-09-07T23:59:59.999Z"